X1,X2,X3,Y
-0.1924791242351168,-0.09395262000931567,0.021378060886281424,0
3.1414921893542562,-3.732198167928681,-0.33647191907904983,1
-0.08782492174204687,-0.503373018663123,0.2542122177107589,0
0.4053389366070526,0.323145008885758,0.10895434661573435,0
-0.34169693689429276,4.29923169715426,2.177826167642851,1
-3.3095558089857615,3.6624831508357483,0.48643025831193365,1
2.782375440971308,-3.281226710460651,2.4762031948718857,1
-0.40825579428712433,-0.06348171899616194,-0.38531629992633865,0
3.989116547209709,-1.850725958245941,2.3044665897406897,1
0.05260473051024206,0.29900959455740905,0.05550513611729476,0
-2.424480380320372,-1.3269155546955473,4.2039464058674065,1
2.263621350421637,-4.3342733596989484,-0.9058350964460046,1
-0.8413215828513088,-0.3712410436609296,-0.6610380643188187,0
0.2556475425906696,0.6194829111003332,0.42180907720639593,0
1.4944654707692309,4.607093808760992,1.2251752747931108,1
0.23932538989069976,0.48421173980242344,0.28960461034615564,0
0.7247636151079705,0.4349343802116142,-0.04561624946533091,0
0.7811270460398803,-1.1234965515407251,4.691065006771117,1
4.105613487947895,2.5607705060607895,-0.3295751947129833,1
-4.869922164550612,-1.3440396770027048,0.7344764643748374,1
-4.215397415463698,-2.3077666190721766,1.1151500911763832,1
0.9820996442907051,-1.2378127677626556,-4.771986977715468,1
0.16107775548290554,-0.7711426603607354,-0.4141370824378135,0
-0.019295981152396276,0.694917423205507,0.7172522062074026,0
3.1789764394206474,-2.805017946590808,-2.8205151365941186,1
2.4548921229069585,1.1111638896499576,-4.264168036893397,1
0.7188087121484946,-0.11290309483480654,0.4397246895413182,0
0.1284459464348514,0.3377785220376518,-0.5310605611481679,0
-0.6937406951326214,2.492336754632946,-4.225729621348875,1
-0.46794278533046885,-0.43854885355709966,-0.06190301921864741,0
-0.043763849841166984,0.9508247346165131,-0.2892422806986791,0
0.14380278508159808,0.15643017502358877,-0.23897274601215926,0
3.805344427177283,0.07805864216138947,-3.2481600235557684,1
-4.037891069715931,1.1969433390561715,2.821901737614182,1
2.5719389567329816,-2.684826999888375,3.295770908549706,1
0.012774004001362116,-0.6446329837044849,-0.006941569075193222,0
1.7957966486448664,1.9000232412804334,4.297386143885013,1
-3.733313983208728,-0.6956500852580639,-3.251810283719366,1
0.10049640039387919,-0.7200210743374452,-0.4438601245836967,0
-1.5827138752691057,1.356922611785122,-4.362579726957141,1
-3.4364702588530207,3.2692406011465596,1.6893851967746845,1
0.764894674226944,0.17299687366771838,-0.3766564952002353,0
-3.899905965188404,-0.8160571052492201,3.040612425211597,1
1.5443095156592266,1.769811398844848,4.348153082661502,1
-1.6044344949509652,3.6548514944532315,2.9160879097250936,1
0.12681380961431815,-0.24082604976273797,-0.7190772658083576,0
-1.1806144417793119,-4.786105922595105,1.2436055423589472,1
-2.361571326316794,2.9199399315025607,3.418892693111748,1
0.40577841149037586,-0.872762541814947,-1.2389258373329208,0
-0.3020569809616675,0.11540661413299154,0.008505010003902235,0
3.3362196710162286,2.197490854028711,-3.376497090455046,1
0.29011913178508425,2.4271719752904604,-4.318504577905974,1
-0.01981419959618986,-0.21031164724303544,0.45680751845173195,0
-0.21438423922347294,0.14032350954242598,0.35154758085013244,0
0.1625763409962476,0.09596774365293002,-0.31143853597654636,0
4.673075062887006,-0.23816689049361978,-1.1843729055961594,1
3.7887537512530263,2.971944789902947,1.3646003237961395,1
2.794723868812835,-2.45476415496652,-3.21704113805042,1
-0.3810054360884567,0.1664857035017539,0.535141189568255,0
0.12422650761413913,0.2711620869232013,0.19891920351456135,0
-0.17878510263428338,-0.8252675844938228,-0.010821184556973446,0
-0.10400391165313073,0.12117649382677832,-0.5363153189528563,0
0.6249223062343681,0.4336978374884147,0.21081980666682662,0
0.08210277854935163,-0.21262900405722046,-0.5078630083921858,0
0.23583562443905046,0.18955635181303584,0.5189277658754959,0
0.20382265630048496,4.9061828908391,1.1085844510620906,1
0.018901423386989687,0.04493323062797499,0.5466155397658721,0
-0.11517262018672297,0.4023573601939472,-0.13601334535457493,0
0.5490757471192852,-0.1646625935087509,0.1836261879561778,0
-0.22892783693923177,-4.689823445390235,1.715699151503675,1
2.52884402931155,3.034497111031045,-3.057584070167701,1
0.04295478066631151,-0.14066443526694972,0.18610651395264585,0
-0.4948399779825309,-0.16604251888145488,0.1607892874416955,0
-2.374886912561985,4.035562853372016,1.8924035031092632,1
-0.025494951324300883,-0.43255801255233156,0.1667301963470158,0
2.2882778872250444,-3.11720926656111,3.1593308188272764,1
-1.0779654553626186,-0.32522354367707856,-0.21231279756878116,0
-0.2360551500131177,-0.018992227182599714,0.2900836653553709,0
-3.958540618031557,-2.6851617780787524,-1.5223675045019855,1
0.7655659440075799,-0.006503276713670237,0.17577792321888672,0
0.2975606495256957,3.9979697501120666,-3.0229042200775704,1
0.5662844356832079,0.20525193842514952,0.3912290032647003,0
-1.4130200667997381,-4.622571955181933,-1.1609427044892864,1
-2.075570574046227,-1.1692280320529242,4.595671111885695,1
0.4656212216881459,-0.33601938306410256,-0.08300612351329006,0
2.089824632913003,-4.162810218221305,-1.9399734952834342,1
0.8046992145531332,-2.4117776269445987,4.2020525627520335,1
-4.017590253011273,-1.9611949977143146,1.999781301867449,1
-0.20302613906840006,-0.858237364524617,1.2445736203767186,0
-0.23787991366896027,-0.7435022711303232,1.204529276705728,0
0.1792580016573121,0.11279852109359365,-0.24017327506393157,0
0.5194602224661707,0.9114171821378902,0.5116282520729595,0
0.593377903391992,0.4102770385956203,0.1438804951431657,0
-2.8308171592058784,3.318827446750615,2.698762844636149,1
-0.3923015916451001,-0.33130406222486886,0.7051038674477885,0
-0.1204810573486993,-0.1284742427738265,0.010529647781909448,0
-0.46006214557976927,0.26376183621156224,-0.2839052992575601,0
0.022699713352191873,-0.8591876132121015,-0.6932622609926476,0
0.05414409254907962,0.7458155200161448,-0.3827404296912348,0
0.8185224471670515,1.6341790855813607,-4.530753294863346,1
2.64774655056037,0.9928333048414759,-4.385619233496136,1
0.002288064676710168,-0.48938471706113346,-0.36227917727083364,0
-0.22000536062376708,0.02797872656909181,0.08315928522914089,0
-4.395592917653553,-1.2788133907421217,-1.9621753958124437,1
0.5754393314026717,0.6513335975790462,0.4337623892661129,0
0.5821093839717986,-1.0057150611529584,4.843014408079333,1
0.08027558113388396,2.968694369682076,-3.8556237473402937,1
1.9761221080982443,-2.917873166543164,-3.524076945235109,1
-1.700993641928281,0.33520145218260083,4.5230176871069,1
-0.35372512908053233,1.143508906872822,-4.9865965337350735,1
-1.8148060606652627,1.311921014211944,-4.229812054204642,1
0.02634596855466478,0.046598788009570694,-0.0802786108382278,0
0.19058028954617762,-0.050067083795385714,-0.5411644555041559,0
0.021832120191755493,0.23044769503346507,-0.27012713739514416,0
-0.6473973261410708,4.7871871949718745,-0.23049653114354804,1
-0.28871997403434985,-0.24555322180043185,0.466400067272007,0
2.526484610171421,1.6765146329516722,-3.8962163555525207,1
-2.370779213103582,-3.8266036875022387,-2.1202065610225826,1
-3.96024753565714,2.61516453538497,0.00733927517654287,1
-4.519205534009298,1.1963396478271837,1.8879897792190385,1
-0.014659114172821334,-0.8071917376802877,0.24105058659954365,0
-2.039489784064685,-1.6104421350848979,4.33980604813428,1
-1.6939153678358354,-4.296013994678248,2.1016956491121417,1
0.053791237095720305,-0.12431779907675694,-0.4128967474795668,0
-2.9238047178666506,-4.017873773601543,-0.9855567377003405,1
-0.1982277960666231,0.29577012678117676,-0.341468955093395,0
0.6251391637324081,0.5140801064343491,0.33087940966482526,0
1.0426422741112358,-0.4099244155136836,0.4856741807339102,0
0.5641891916269492,4.405728519333564,-2.7153448776564835,1
-4.525505785693663,1.5970497914354127,1.6572962475054307,1
0.48956532628821087,0.03542827214325341,0.11824612846635961,0
-0.4144208337331896,0.6735538000464245,-0.37982222835023655,0
0.31163610724001917,-0.7243109406982032,-0.25798241214505363,0
0.3152130205231497,-0.39112322502084246,0.2766546893486243,0
-1.6322433331928328,1.7972724411284913,-4.246536440818348,1
-0.9917665103403617,-3.4608840609338065,-3.337209319844031,1
0.786349121381606,-0.28302545441190574,-0.1301831281488026,0
-2.2865308451272326,1.91274289624226,-3.9468847636395874,1
0.21806814587558204,-0.20408987230764145,-0.4156257528266812,0
-0.1614903058378901,0.38143199810457656,0.05629895957351206,0
0.150920665430232,-0.04908107870893384,0.7102301000804678,0
0.10796636142717005,-0.264772044529868,-0.08216326310424972,0
0.23589956641813636,-0.37159477158646076,-1.1476234758354136,0
0.43852682606141624,0.06674333091303043,-0.42843133594039695,0
0.6543087955091705,0.5182217575402478,-0.6656943220540351,0
-0.1416675732671994,-0.6855757895937218,0.4253760117150716,0
-0.393371390833215,-0.456869214620005,-0.26145981626535303,0
0.14390511030870998,0.3502148046632334,-0.39476508116831904,0
-0.8974621752669785,3.2135232348332483,3.6133459690355476,1
-0.0876808198693228,0.22073401163976886,-0.19965144853011044,0
2.3346113063982163,-1.6034782801556648,4.237694103711135,1
-0.09349372608882489,0.7269874681832065,4.8334185580429825,1
-0.0849700216982464,-4.33938752522706,2.185768411918397,1
-0.6019553285466419,-0.014343512311056194,0.8744202124096371,0
-0.6219467716456134,1.6513817547176721,-4.60651697356101,1
4.08064039994401,-2.1157067887930947,-1.9066412044226173,1
-0.028765813406382235,-3.9832765220383246,3.0533613007336586,1
-0.4346540372912964,0.4939947468880368,-0.9155757163908538,0
0.06741550477789532,-1.328613999047585,0.458316332603606,0
-1.054141532700331,-0.4249545564750864,0.3426106309552066,0
-4.833061442320863,0.4916178261525178,-0.6703791582587741,1
2.7132293061643606,-0.4632859797313954,3.9930506544681705,1
-0.5263679764010059,-0.8613497428544392,-0.5557304022365167,0
0.6084314156868968,0.7203524817586447,0.28539372720728545,0
-0.25176623224616906,-0.33680555485736835,1.1784261053429141,0
-3.880503223811831,0.1915791602630766,-3.1211428481170382,1
0.9674942377506167,0.969470264448729,4.884279502228465,1
0.10449745530261956,-0.03900559968418233,0.33304710812140903,0
-0.6259331562162451,-0.16465833785411632,-1.3451333961529408,0
-0.861852234381557,-3.787710260881217,-3.2481217453447933,1
0.31067355932306673,-0.35357695216255014,0.08477442617961373,0
2.0758292589487737,3.760342692313967,2.316536636930084,1
-1.267052811808002,4.556972043534191,-1.7873368616565173,1
0.19426194597951552,2.4462324594705134,-4.377938318553351,1
-0.1459802007321641,-0.34834736899737406,-0.3070798568569274,0
2.631758653624644,0.09965092747919232,4.25394442833624,1
-1.1639034289490164,-0.495293574023806,-0.40031355109933137,0
0.5948029803551718,0.057120122949793066,-1.0299632101666432,0
3.9021604953277995,-0.7677293638916679,3.091483169457545,1
0.4081139024576691,-0.36360967887109563,-1.286941726191843,0
3.4398672400790313,2.973892124616491,1.9143856096804142,1
-0.3441986427712681,0.39435756016416623,-0.22679003843028345,0
-0.25445778722562756,-0.0003833386918201982,-0.5669650878431699,0
2.4048903133333597,-3.9989461385989933,-1.9797689839528463,1
-0.6212042013747189,0.12010428333938188,0.21093964898893602,0
-3.8068911473482627,2.913449922033794,1.4210829564451646,1
0.5229879232083547,-0.19161235521705458,-0.05956058477364866,0
-0.023222231700528208,0.034370229165638644,-0.2963083762492588,0
0.1755637584860148,0.12124650708810104,0.3211458732985023,0
-0.3578810921744854,0.018137196921892876,-0.34955117626368215,0
-0.273444662336237,-2.811164216936187,-4.011707601325556,1
-0.23209876208024294,0.8504811221468807,-0.14143176804471994,0
3.7813289649995983,-2.142119478045981,2.717544512951744,1
-0.1809773348368631,-0.5449139541545491,0.6507895725549164,0
0.09453229502623668,-3.4384641992991756,3.7197665243940388,1
0.5466725133042414,0.4453769656213641,-0.4128413812059916,0
2.3986556357046065,3.781391978809614,2.278803292817427,1
-4.920641408631993,-0.7925522173100451,0.8132964022447977,1
0.15576614286156845,0.5959585382516754,-0.5533679439692168,0
-0.36571772129548485,0.03159117349291365,-0.3472585128256244,0
3.9887708721195985,2.734799584613671,-1.1179511066718673,1
4.057069474672333,2.4477023148648156,1.3552295899665485,1
0.02818138038643479,0.07521000243774359,0.20852319821500467,0
-0.46995175692324426,0.2903575829182963,-0.014088590649354093,0
-0.0047403693382798975,-0.19962810073867893,-0.5214945499609409,0
2.5994231656879725,2.2063577877266627,3.8015423294119333,1
0.8912560849856314,0.011825791218184355,0.22733698940845254,0
-2.8642265723541427,4.1826060893830075,-0.003118576531648612,1
-2.450729688883489,2.7949043977073718,-3.1810776588380016,1
-0.8219309454481053,0.15590736280794198,-0.12738906394082666,0
2.564070506283205,-1.0818451259472641,4.093889736840083,1
-0.8197959405775185,0.05498098490725061,-0.05321380667140432,0
-0.6327468429048607,0.5272224940246578,-0.7656316727550475,0
-0.49464695413706217,0.17838748345773997,-0.12564862465973695,0
-0.27104431101740556,-0.16751430267626655,4.912975901530359,1
-1.7782525538558553,-0.8613816891592156,-4.597411723292883,1
-0.32679051287023986,-0.6475370619999293,0.06190857551973743,0
0.012902098021547584,0.34592684086547415,-0.9267660068602761,0
2.0563455402966335,3.133898157744672,-3.088897648395874,1
3.9875917500545173,1.215677642825459,-2.8808194882232456,1
4.578901861644954,0.9929491786061677,1.659135113659715,1
-0.6600648495090744,-0.1733955578565217,0.09732252571939251,0
0.04061815264496173,-0.25952928154059474,-0.09422232311985765,0
0.2285500790331091,0.49917675758246255,1.0548640971318781,0
-4.339815311041467,-1.4645569968916978,1.9408834698716075,1
2.784389655536435,3.9417573438812172,-1.7881538460544817,1
-0.32423852804956615,-0.17810591150489868,-1.0097204386258247,0
0.55564834818825,-0.15173251309763058,0.1730868055608646,0
-3.041679356360292,2.047560217873235,3.4267225964348342,1
3.084836751998664,3.8677453033710596,1.1971680830333487,1
-0.42029508308558855,0.21904182256869936,0.18954647152712484,0
-0.7548757788983728,0.5531285004282008,0.6885871240979513,0
0.7145053512733203,-4.517545271516473,-1.9413764621211953,1
0.09027174927974227,-0.12720982551706705,0.06849924007518124,0
0.19192881568506584,3.642640642918573,-3.3885751463377307,1
-1.0764629014417182,4.735913666740651,-0.8559477642217718,1
0.43777221732940147,-0.4000185347937396,-0.016479185057647415,0
2.3232347517571057,0.49738333745719854,-4.330365394733756,1
4.452031316883051,0.9252494710646774,-1.96407966288559,1
4.287965612674969,-2.637329101589983,-0.8072443771330315,1
-0.11607967558183704,0.5738865509675608,-0.2566462336770627,0
3.1908765941678254,-3.5985359578710825,-1.3867642599208205,1
3.6692377254450976,3.3290442954553954,-0.6191298745224615,1
-0.35223802300826446,3.7862173029510804,-2.943945320068456,1
0.3963170129389213,-0.1813372790016501,0.5359388322052989,0
2.735781184811625,0.7689606266312095,-4.20441939621293,1
0.6692988280056842,-4.04824096779059,3.0525095570263376,1
-0.08736262842286127,-0.4618799862660535,0.5039935125480588,0
4.069971971950033,2.5300384566125627,-0.3808223058855429,1
-2.0109817133659567,-2.574506105708715,3.632124401189971,1
-4.9198780977223935,-0.2930630467443141,-0.9773347679975796,1
-0.20645066713853877,0.036119742373540036,0.8050283195324911,0
-0.3744465862702578,0.2192969223517522,1.044389947792303,0
0.31980990702459894,0.7864616998521949,0.48206903886179975,0
0.06112773424505597,-0.0796122579540831,0.5144829263899081,0
-0.5933327557308733,-0.432623911761733,0.8504167712759223,0
2.482379910567124,3.201367312243127,2.9184067826828635,1
-0.9321762227576662,-0.2781789387509749,-4.963665361067218,1
0.3277473912771782,0.5291041033647128,0.01195313826675629,0
-0.1013535942027742,0.34659680433360796,-0.3237202056277508,0
0.10212185984717141,0.29054552329210076,0.44608174498740544,0
1.0856683321402223,-1.9361552321593936,4.512549522008017,1
0.17285130213091351,0.7665700827214196,0.07052929479326944,0
3.614173227522309,-3.2319948716873093,1.425295486871361,1
2.3312072004425266,-3.9618719327095047,-2.008794100594443,1
3.955022287629002,2.824546560446808,-1.0841382026630961,1
-0.24505393248297513,0.44843002499410656,0.6149926377072226,0
-0.472488555263703,-0.25239714208293407,0.179316980645939,0
0.05760227384489568,0.6442465118441529,0.46839370059623275,0
0.4366509240992242,0.07857499138610614,0.4195523324964592,0
-0.13476329981249108,0.16222590490666608,-0.523886521755668,0
-1.5180091078197682,0.14094512049793684,-4.927065171468109,1
-0.3856599592695158,0.030977272526037655,0.1683098781119206,0
0.8341635305450965,-0.18856396180057786,0.13688697581308565,0
-0.35664649144821814,-0.4051019983303126,-0.34864814638669334,0
0.3277212184874425,0.5692947098602973,-0.1766732003832444,0
0.09347585209500563,0.6367297367422287,1.0467867922125826,0
0.1472059188833147,-0.13781964759755402,0.34990714499229414,0
-4.022860022540831,2.6850680630152395,0.9946131273334571,1
2.195384249755621,-4.214110419397072,-1.7446913775290889,1
0.6725909026605381,-0.8833933748163161,0.05921481230379987,0
3.3095074751172002,-1.3702961690406632,-3.5204853677458625,1
0.3523032052950367,-4.905132694732866,-0.13522127501460934,1
-0.5075656669388464,3.7458131537473944,-3.1176267987952966,1
1.013148923385961,-4.774937133389277,0.04339680079190021,1
4.5458993712676525,-1.8205104280975613,0.8351393083338797,1
0.19645357651412365,0.25276565419134067,-0.06498282733175727,0
0.4626381294792714,0.9050769237505101,0.5988009711479207,0
-0.24273161122481704,0.2957585163233507,-0.11194795360496097,0
1.1965756153787752,-4.719212818431987,1.0532189449634903,1
-0.045118147480544865,-0.03420950441885124,0.7692500759542646,0
1.853739931578675,-4.430891424900144,-1.021361333373436,1
-3.7499697970979318,-2.5069245082153784,1.9265788629668381,1
-0.33794450495921063,0.7332152748411347,-0.20398881080582434,0
0.1726302172816675,-0.288970536925839,0.1577199356923484,0
3.9001304160490258,-3.0956502477337047,-1.235218661813863,1
-0.0673540797674895,-0.7222338892780572,-0.24271500144239766,0
2.1992706964096116,3.5384353987566555,-2.807412829010241,1
-0.9423823756545912,-0.44429431160165966,0.5618623837758164,0
0.8933592074413612,0.14334940991006853,-0.2638529095090826,0
3.168449299678879,0.287119580086978,-3.8271665306997233,1
-0.0802689723947443,0.16356606987302263,-0.04065871584891292,0
-0.6660972931649842,0.19191254811239936,-0.3650727671318008,0
0.354930049794641,-0.4619234685356561,0.17637539130620764,0
-0.48285820353230174,0.25651174934047594,-0.36862505215673774,0
-2.976743061493562,-3.5984506219336416,1.7291715351941577,1
-3.5496686460324964,-2.2801481181528445,-2.360577117748896,1
0.4067633358207064,0.35745220461879806,-0.705586354369513,0
0.5510433534577805,-1.139998900509001,-1.1495923534880677,0
-1.014617421499267,-4.346141525171516,2.1433301299178305,1
0.2524423170917456,0.1838084064393356,0.5519879853222834,0
0.19171362529077676,-0.42166147342374316,0.09937717006832157,0
-0.4956465486976722,-0.2814394578342072,-0.44373342361540025,0
2.4538074719375826,-2.5510069495337855,-3.2973214999809124,1
2.0663169587642867,3.5592213312837613,2.93500426873524,1
-0.7789430145475078,-0.3072485547792954,0.5407020619157287,0
-0.1333924989998294,-0.08277455099275849,0.4565089113773859,0
0.31774716548801113,-0.5214136171544665,0.03448470491409143,0
-1.4452474632973733,-3.995040032855706,2.591094516848375,1
0.3079131318639921,0.08147054161248439,0.25177477250554536,0
-4.8229364192704995,-1.1828571519265867,-1.4228078283979595,1
-0.5521454453390562,-0.3295549364572862,-0.1010404545802124,0
0.4205117921914783,-0.799872321361867,-0.8740218987053818,0
-0.44974234630532506,-0.04453107894074019,0.7325726586426264,0
-2.246313591949034,4.437364225710179,-0.017081928587908524,1
-0.05454143048811232,0.2687196499422693,-0.2863282369547953,0
0.5349423420628753,0.3765103721119904,0.2993312003377481,0
-0.15650708451168405,0.31677713066309093,0.4748098028995332,0
1.4471822199348179,-2.2929399003737827,-4.241282358124738,1
0.08516157373402578,-0.14324491715858534,-0.8254771332930615,0
-1.8348991759160265,3.063259994658772,3.585637334395181,1
-0.1233885631786566,-0.6100835507141587,0.5748691872577297,0
-1.8205628507144587,-0.42079686787842435,4.617370340727234,1
-0.3550481092124858,-0.8925954701928,0.3720348837014075,0
-0.2471040419225711,0.7952233938762925,-0.3630819065835862,0
-0.4837216335214146,0.21644867432064605,0.12426758369904856,0
4.855267328137773,0.6680988345223161,-1.3068108404810392,1
-0.19202448039212636,0.025099533134090225,0.5964411553762224,0
0.37360898121441266,4.012924752359971,-2.8192900626095323,1
-0.4533187437319037,-0.513882046220705,-0.09244256671452555,0
0.2871369818807071,0.24329940762463656,0.19210280273806113,0
-1.7075301904297544,-1.5785510975931925,-4.567797594643405,1
0.06376795682940022,-0.43112537325207373,0.5989878190913038,0
-2.608336544653959,-3.4366348570796963,-2.7060091891171143,1
0.2567971841513891,0.23172668533823584,0.3466152764743144,0
2.974955080294562,3.332152320006215,2.5474207965836704,1
0.09687266481597896,-3.9757386439222606,2.9722409352368273,1
-2.0782579566777195,4.252643413022421,2.173898499762398,1
-1.9049932402794094,2.1288725659807155,3.8965415704836484,1
1.3013231840658166,-1.2861953473108558,4.623761731338031,1
0.3087183443516136,-0.3475734128408353,-0.523918911901151,0
-1.2344668008314563,-3.3331715151948607,-3.4158068375092676,1
-1.9530313483461368,-2.1756028252394164,4.15669750473687,1
0.02416137650729309,-0.5574319832935691,-0.4641329648074365,0
-0.685346283767487,4.000578568867401,3.059924336751536,1
-0.18936337133623354,0.6903599580193699,-0.07573017261187508,0
3.942483377549747,1.3810092607219477,-2.938162490328023,1
-0.28302216558060095,-0.3169471179267473,-1.0593534254191879,0
-0.31302411158470544,0.5175919450840535,0.15353177527999254,0
2.4578979761097974,3.149946149438772,-3.4151129185285116,1
0.23655545620778565,0.44959991736247296,0.05014628291028458,0
-0.07146208205642676,0.6054398844723665,4.850476470080373,1
-3.2419811059620915,3.9196541905314555,0.5085411916853427,1
-0.31196154934184356,-0.43080386397316806,0.6484915418909625,0
-0.3275850293091931,-0.3775148169399435,0.33366447058094395,0
0.17869439994992256,0.4149325137585865,0.5338620820789136,0
1.1826967621620266,-0.2620978783903276,-0.7945564273509709,0
0.4290352481761331,-0.22258749422063392,0.5643429120409438,0
4.01103119803226,2.9053012720823306,0.5327901471629772,1
-0.30006546195406303,3.39513336552732,-3.6899047047647504,1
-0.23206239316657098,1.3395062135522258,0.3644226822768121,0
3.2563185812881335,-3.348981143264112,-1.2208036328487444,1
1.7399429491937353,3.2246533392486514,-3.446025815531432,1
1.392306369523617,3.1639595736959527,-3.525745336907825,1
0.3584323188471456,-0.22865134182153254,0.1280136114164064,0
-3.2566753315842503,-2.4942342666194506,-3.1447809309078707,1
0.3536958988838633,-0.6072455347648695,-0.1764214704319283,0
0.8239686142076404,-0.34462006650355176,4.874547278119829,1
0.1914539554318081,0.0832775821170909,0.15754383433827043,0
0.7987109880568712,0.46599599874335834,0.11983997039780951,0
0.8305832083288617,-0.973593781252224,-0.8527412051504134,0
3.852894883511962,-3.260005086294896,-0.43711037296130906,1
-4.054532275550789,2.0384743642552143,2.322838754983876,1
-4.1443698057724525,-0.6534243120593803,2.5130154659014696,1
-0.5394422692589018,0.4315795417574065,0.46025855244513514,0
-0.12027521589991817,2.905587170861571,4.052177420961673,1
-0.768185666865109,-0.45234945167279955,-0.4655255006747561,0
-2.948157196679039,2.2773167600166664,-3.171659189252094,1
4.291739315900146,-2.568518387376103,0.40391081362384396,1
-4.174078474751352,-2.229488973525268,1.4402160810663922,1
-0.3718179531645214,-0.4176049774913113,-0.3450321541320311,0
0.5079965466979844,0.004496519198528895,-0.2659629930174541,0
0.22793674405367514,-0.6036453413818815,0.6850206117808629,0
0.1807760416192922,-0.08534937345563079,0.05198558738852246,0
0.14587389833939768,0.3448268526020158,-0.06912536839798589,0
1.955817527740758,0.4206081065140976,-4.489789519196174,1
-0.19605242759106992,-0.6432466145588104,0.42599923423728453,0
-3.6299614888281546,-1.3828280907338,3.2704962774204005,1
0.47729915772724807,0.24207288887211936,0.37033123934598494,0
0.5396778542975171,0.34385710223627286,-0.5713332185389591,0
-0.08290284815212287,-0.3309421414369365,-0.5619048001493329,0
0.49073229834763754,-0.16421584907403575,-1.3014605047688805,0
-0.150964657958587,-0.2577000893866995,-0.4579144620075046,0
-4.85343206270529,1.0491889371281593,0.4262211599606822,1
-0.03801251231317081,0.35045346160297125,-0.8157726160033834,0
-4.493101553812706,-1.5127525892703824,1.268196821913471,1
-1.3932368191601252,-4.645170290908056,1.3771119467104889,1
4.214793817057139,-0.40552497264317017,2.6375427236836004,1
-0.573713061786324,-1.0399774824828565,-0.09760539025734266,0
-4.2029580192042415,-0.21198073106935905,2.662561362861585,1
0.4149083318892082,-0.6561117756086982,0.358452431411355,0
-1.3361350071249174,0.05641243466235619,0.22518127152368822,0
-3.929803398735717,-3.0456451038001138,0.9867417872099151,1
-5.071178184685633,-0.03086808167870317,0.524317786853176,1
-0.12057399951965209,0.3507313885313788,-0.10453311809502534,0
-2.4864095488991107,4.1585538735315835,-1.3007932831495626,1
0.7022725993748935,-0.4097286914373176,0.9043778699772923,0
0.41542973263163246,-0.06314918185438771,0.641605035565496,0
1.062981318908199,-4.7734453877721945,0.9598198860156907,1
0.379977208335601,-1.9596218447422684,4.546196271853657,1
-1.2930358258487875,4.413366089237915,-1.9112857912360313,1
-1.601444319487562,-2.7115970095015602,3.9205803209267382,1
-0.2523889704119492,-0.3051604702492424,-0.5261510365535983,0
0.027999875332396187,-0.39641086157113753,-0.5059557796423706,0
-2.780568738616786,0.38689171447704773,4.197659287834375,1
0.3017496357800295,-0.9432456561307418,-0.6013534487591765,0
-0.9222147255945972,-0.8917392285081622,0.1646064811735695,0
2.043586229225826,0.08993878641381464,4.531432445884221,1
0.3956042835256062,-0.309935740338773,-0.15241220632379332,0
-0.5918120226266061,-0.6456611018463356,-0.11606819135578399,0
0.2963577599244993,0.5042797009919915,0.6534293771457684,0
0.5623345742838801,-0.2724346900159488,0.7202656686125001,0
2.64761564380873,0.8827959388475197,-4.0509772743345644,1
1.7551182052610814,-4.513847301416476,0.3732579378973287,1
-0.34292829923988305,0.35177693835865537,0.01817034297204888,0
0.3434168329573817,0.35810647710154847,-0.061088245637286945,0
-3.822235885328682,-2.9482811026116305,-0.9039699907848943,1
-0.5964829073868175,0.07931860521854785,-0.12694608316299916,0
0.4479741672962162,0.04520627101090682,-0.6437005059816359,0
-0.39954760601899,0.014721220010216059,-0.5871619095169953,0
-1.619503184830857,-3.8463509652271854,-2.6490665074831057,1
0.08185470729694955,-0.5204873047272197,0.1193280805280743,0
-1.87869979592738,-1.536502487569168,-4.38260376643214,1
0.1999937185212303,-0.15382750195064587,0.2577495347887201,0
0.5321157136326059,0.31244678886504673,0.23829905146533387,0
-0.15512556682983666,-0.24394033847098756,-0.008931221805741482,0
0.40141914320427774,0.16384906608180796,0.0011796424146492273,0
5.0597318193808825,0.3391859584862939,-0.5894210485887239,1
0.22649434349461994,-0.0477549795937756,-0.22711280056327654,0
-0.3775612840812553,0.4954003775142207,0.6014144258937093,0
1.7270252328964824,-2.936270706058649,-3.8516949517818633,1
-0.35707907881772094,-0.5918639787611855,0.46326183195608667,0
-1.6362872986219354,-1.4052796649225987,4.493358401519968,1
-0.24369823863563989,0.18018812621095973,-0.9330944692642014,0
0.1343750067338736,0.28991973032186025,0.19737485782236008,0
1.2891401683973303,3.4836710449715316,-3.099742678861723,1
-0.2151187517388851,-0.07713935506555128,-0.3968738735226792,0
-4.944706838747901,0.07540949099501068,-0.4992896524612497,1
-0.7227121503932303,0.5026169125681751,-0.449223722190818,0
-0.6381739659491702,-0.5839488163574008,-0.2623210059176087,0
-0.14915369063966905,0.996774684455496,-0.06117384596790864,0
3.440828762615834,-3.5951153735142274,0.3696894707600269,1
0.3247749403872473,-0.38771723279423165,-0.12436203554771533,0
-0.027441553946581515,-0.3847711408237197,-0.5550227844724148,0
-0.19400967200796296,-0.32284262739729264,-0.3920646429370115,0
0.2117670580498957,0.32868712836162267,0.38275289549504987,0
-0.09123950338815731,-0.0255480227268896,0.36666655956247607,0
0.5377487837111187,0.7982797332751953,-0.16964325573464803,0
-1.627458158263904,-4.625239071753598,-0.04631418555187594,1
0.5774021420238392,-0.04756107642826722,-0.2536306177036599,0
-4.803815216462217,-1.0009409462405592,0.36755039375111687,1
0.27397299485580623,-0.11200029379977475,0.41583152855396016,0
0.2363242759875585,-0.07235091172480185,-0.12647010902555253,0
-4.886767622255662,-0.11594882471923754,-0.7291608533622145,1
4.095239482872559,-2.9488501913708816,0.33261205020404994,1
-0.12242028262094566,-0.42104845953093745,0.12999707189595794,0
-2.141158051028714,-0.7059694996845469,-4.4818898960812605,1
0.9079667397923414,-2.3536860103743864,-4.270450105629962,1
-0.14712924411355385,0.153379711806175,-0.6304451753126418,0
0.6141526806718707,-0.6231594507809073,-4.891714730163924,1
0.5740763614295594,0.20880536019733414,-0.777102879062688,0
0.36947063761787363,0.41678548265684,-0.3820437146083005,0
-3.025701593230406,0.5321026351327548,-3.979269362168056,1
1.8161466960211934,-1.6297612932092016,-4.163912170223824,1
0.01690264347232682,-0.0667619234691208,0.0721338900290291,0
-0.7956853740068693,0.029941038635463484,-0.3432804655190113,0
-0.0020010713967031526,-0.06568070375021182,-0.08826720631540062,0
0.8940692631686413,0.3092380513564197,0.2989287749965205,0
0.5173100571300128,-4.643781349156997,-2.1858909366840673,1
0.415513586966399,-0.5113524728300075,0.01873542794281866,0
-0.21269413326442804,-0.21095435674235152,-0.1902171693484562,0
-1.2954963946396922,3.9191660306564606,3.0976062057136575,1
1.8301715316377836,-3.8491965737927227,2.4852658680489754,1
4.530092244275102,-2.009521277622728,0.3358666627935919,1
-0.09296171708754497,0.007912154936265441,0.027442476881806944,0
4.572828325301658,-0.029733527453900132,1.9327481037656407,1
-0.6705023331776374,-0.001216473339209166,-0.6115462359564854,0
-0.21678898776928865,-0.061072109021981485,-0.03893411523551786,0
-0.0685991809450371,-0.5493521218446252,-0.19197596473696404,0
-1.5246381488651601,-2.4949667667837048,-4.06319441110493,1
-1.4409932817292517,0.08909562705318767,-0.09201479941329949,0
-2.81115268410413,-3.6162350813283846,1.753821921555331,1
-3.1653184080360717,1.541670832852279,-3.581637815189422,1
0.0972689534814975,-0.3848837473905772,0.48141127176694787,0
-0.26493394067001996,-0.47022162256996697,-0.6192053812443694,0
-3.3397529011543776,1.5351741431259134,3.677145326640459,1
-0.09476067322925566,4.566391216096464,1.9944908383418396,1
-0.41050686594394636,0.1375564212096521,0.17122916918448497,0
0.711225412230053,-0.07371578989404316,-0.0977165864384332,0
4.393411689712923,1.0973065391017562,-1.8492225253207262,1
2.3268902534754785,3.785385498351124,-2.685549280937957,1
0.12019015562643907,0.39566901744148386,0.3679036481638902,0
3.220262579873347,-3.7590522217356517,0.8488235594586022,1
0.4565629347139739,-0.6344939396290641,-4.856519993189209,1
-0.07840952953904531,0.4360146189684969,-0.502182414498329,0
-4.446277667546337,-2.128992617296412,0.40135564115776406,1
-0.016367745419969652,-0.9618367049085129,-0.07567029133199495,0
-0.7658141007351859,0.17383894598616373,-0.0029434970743584844,0
0.4334100106890422,0.0030425044980429646,0.26728368945943703,0
-0.6159695568807527,-0.31414936711651537,-0.47426355719418073,0
4.783403542756394,0.6633089181976056,0.6262634842309844,1
-3.3845612792950295,3.6638858729752473,0.1940891213323086,1
-0.5804286092162143,-1.3203273562738638,-4.786773536299455,1
-4.2991442461665255,-2.252182225577938,-1.4457382110724706,1
-0.052749159782758896,-0.21967972022201296,0.36950667006857424,0
0.07994032267751598,0.41275623942720663,-0.28652678273854143,0
2.1309595988611107,0.8712736671841893,4.322371944032982,1
4.740224519982067,-1.4736738183977827,0.8414709322455678,1
-4.127783914525463,1.7974536469194384,1.8835736438228996,1
2.2406502126725547,3.0770595862131462,3.343368177457167,1
-4.402518183924737,-0.3009385161703634,2.583621148623978,1
0.36730022846062815,0.38378464931504064,-4.999095929488567,1
0.7182703816008805,-0.5341175781209941,-0.11058345279336065,0
0.5837763945950437,0.16546030709478898,-0.08852366987353533,0
3.150078596325589,3.836568354035483,-0.2796713298086138,1
-3.33805236363067,-3.281164636224778,1.7068022925646575,1
-0.19299823564132337,0.4221065990902467,-0.32226472562508596,0
0.37174959265989227,-0.2757784024522997,-0.885928655756428,0
0.13992811962073357,0.11174281393505765,-0.8155008224724919,0
0.9079717375089543,-0.02495570576469287,0.8075175603612555,0
-2.7524805827382837,-0.3021677318216596,-4.169653793919455,1
2.782807674076289,0.8809751084175674,-4.151848019313895,1
2.6942395987146543,-3.9881459429660593,1.3019087011230213,1
-0.38440608623625183,-0.11428519911354977,0.4142899140175186,0
-0.20868328595226265,0.04463995386015301,0.2030394959919243,0
-0.09560983121706285,-0.3245596595148638,-0.702512571463488,0
-0.12396167829851125,0.3312737619422043,0.5078244949163703,0
-0.37721493957340857,0.8420910179170025,-0.007510905614867979,0
4.7770343482841735,-0.7951225710922756,1.2711498880797145,1
-3.2528194179134573,3.8179953215026243,-0.606651578363743,1
0.5485317193495258,0.5895760721333946,0.6016394322601755,0
-0.1642756086550192,-0.15910115079006656,0.02928101658139481,0
-3.8082326586143602,-2.7147335639422723,1.6191027944090028,1
0.11486337558748076,0.33646368668384646,0.28404294782123934,0
0.5802013842297041,-0.10379032038025512,-0.4468472939023666,0
1.434999080892803,4.840635368399955,0.7835183176681847,1
0.41272749428945044,0.9273044990394972,0.9401065200745201,0
-2.949248172223875,3.142587469701061,2.680636782153189,1
-0.6308800876418478,0.09753463058288644,0.38350762705209723,0
0.8321567395110419,-0.557629944908758,0.27608557564474573,0
-0.15858298471841134,0.2764495754799831,-0.41192531346596795,0
-0.23112567169295997,0.20899113972904762,-0.41248775628785467,0
3.7908583022369333,-1.4263035323917745,-2.8136884000070452,1
0.009945968374691447,-0.3714455892098406,-0.18943387117067118,0
-4.095805708724443,-1.01511817455109,-2.6437010794479145,1
3.142217679504512,-3.026552669079484,-2.674540079868032,1
0.14513714291715912,-0.4821857946609937,-0.08878271532060368,0
-0.7696902967139634,-2.2364171633921197,4.551696077586285,1
-0.2575412274540276,0.35168352092241856,-0.3450705863622424,0
-1.0408807071553108,0.7354576445716337,0.7219926286922793,0
-0.3915691085507671,2.5024832349620634,4.336734769744917,1
2.903670248892033,-3.2755033869006667,-2.702589572199676,1
-0.1365067842822565,-0.8326704100070504,0.7945490698515503,0
-2.446660918574678,-2.7882440545805394,3.1755279742033977,1
-0.16559967363429248,-0.1640674293286542,-0.05193082700283323,0
0.578404528789591,-0.49973780536484735,-0.24548824743058983,0
-4.674994591031779,1.4632911912642463,0.9033287782276638,1
0.9658564271180343,-0.26315569839437036,0.13756311630776014,0
-0.15965535242461704,-4.971697301176424,0.28579033899599765,1
-0.4550471569237677,0.06896512630643822,-0.3083977926732218,0
-0.45478169410714525,-0.0455964008851205,-0.47933134304751607,0
-1.4244871673029558,-4.722401838886959,0.250775183702187,1
0.1572716460927129,-0.05377442984605704,0.2819890040010864,0
0.12311178679399654,0.22807905105661958,0.21821419963377467,0
1.5266704576929035,2.768450109201693,-3.8110372747158574,1
-1.736341039775437,-4.4680789614898115,-1.4963084606797783,1
4.5629574536537705,1.965684226338838,1.1597233870754653,1
-3.4232558980535615,3.1351987667971812,1.227175956809102,1
0.38777492737117025,0.5750920102748156,0.08192377244418414,0
-0.47482825223570135,0.1748040476075323,-0.7543925839771535,0
0.7352360094959856,-0.45675087122426217,-0.4452375183141733,0
1.0256849200765712,-0.991312695153372,-4.801513707392499,1
1.5702381596870647,1.8043942393607233,4.155989221461079,1
-0.49234508636679325,-0.7845482183354526,0.690539062585254,0
-0.4886005012946954,0.0003943926177621509,-0.4954186376098297,0
-0.678812382923733,-2.60635849716206,3.734534986039511,1
1.0979355149303494,1.7536702922603615,4.593514559619491,1
0.006394578521628866,0.862873775548441,0.36620619284409167,0
0.09023016304546709,0.4356939139222118,-0.01801560892090239,0
1.4253553274517818,-0.48262708779205726,5.057703280502778,1
-0.17859108118976272,-0.3929112145547841,0.18557776854047323,0
0.4751392757832176,-0.02532037035254364,0.5422103109493701,0
-0.2530738305295776,-0.25794152524259906,-0.02452332820116839,0
0.005352868151361498,-0.36502094445761535,0.03469289631267521,0
-0.06307739136338499,0.405988581306822,-0.05327514878002158,0
4.80517222464465,1.2568864213126212,0.8383198247857571,1
-0.15217562530787906,-0.8286194746091278,-0.33048585257905644,0
0.17861418021387002,0.3706051949735145,-0.4813217476643797,0
0.2794225811632627,3.6290450221607196,-3.4444902925099394,1
0.29708709978678216,0.2508925046552141,-0.462273807445642,0
-0.45750770772939225,-0.11275402981453465,0.4140571070543624,0
-4.435547334710328,0.29383464134598136,-1.8640408164193631,1
-0.3552759494400683,0.3384659458831259,-0.41915159462725726,0
-0.5461748889381199,0.30689987470808,5.040505021358668,1
0.7404520564520035,0.10598234048082725,0.29276131375726555,0
1.6550758275764668,4.421865756477027,-1.4310018580392723,1
-4.241416166791704,1.631208698601399,1.9712748992649665,1
0.03946508051405647,0.024822429904506532,-0.029928297333092033,0
-0.9715142543355216,-0.49462662006568986,-0.19431666341551823,0
1.3890198172301338,-4.689024401590094,1.1261758897485254,1
0.20695504348782834,0.03414371207358108,0.29685487408333894,0
-4.110224265784322,0.8661790811402205,3.084222439077592,1
0.14708867877215046,0.11383195241555179,0.7188174290992174,0
0.5562141385985708,-0.4281364778280203,0.7244930756593465,0
3.0126444256754104,1.0379174866929404,-3.912594422150489,1
-0.23256950029311066,0.7198082903398275,-0.3648769018315552,0
0.2251073150813483,-4.8887401485935165,-1.2208855942210406,1
3.0291351075256023,3.051053806566986,2.53280858329884,1
-2.4144346126288228,-1.711447640750989,-4.073650307243151,1
0.7096055393790384,-0.35848045474891943,-0.7891598950804006,0
0.30297546858963387,-0.2310189197369836,0.47097928545552964,0
0.38679917310706985,-3.871200352450645,-2.96774994069655,1
-0.245666707375151,-0.22755041621432434,-0.589094807240252,0
0.04045142376633553,0.49175135307453627,0.3907169091302407,0
-2.5049072307965536,3.367759820742429,-2.804404897907217,1
3.4664805553372453,2.850577690605649,2.19350846037414,1
-0.40576103169639033,0.9656112083121717,-0.31964528101284967,0
0.03768740390853625,-0.1716295809110361,-0.5583099589160246,0
-1.3560570362830113,-4.511375172325459,-1.484765225630137,1
-0.15510543016250203,0.08928990843340552,-0.013268901896856996,0
0.7582577607472226,4.689268696817849,1.3579444138490195,1
-5.091518846647703,-0.21226844814112472,0.5274532519061947,1
-2.9724297892403237,1.6609923372649353,-3.518962167237537,1
2.3226809163107762,-2.208356653277361,-3.6581751514502545,1
-3.964141146621287,-1.5317228845149384,2.5636441301721145,1
-0.6169219912083862,-0.35708526096059473,-0.05108080126677723,0
-2.004376313874198,-3.968902428392859,2.1843037361344084,1
0.12187742547627761,-1.1220723509091364,-0.2094790254065673,0
-0.4919561683273186,-0.2301770348353672,0.6889411975792792,0
-2.3411395312939836,4.453890375126202,0.9628555575012083,1
-0.25460386469151103,0.6301158130524431,0.532222347904533,0
0.174337447289383,0.6689468633733978,-0.5981698657946228,0
-0.18782969176319558,-4.140644568345349,-2.9759772342303483,1
0.37138170918217406,0.1756337065326212,-1.2068580450426378,0
0.4442510474796597,-0.9509988053793722,-0.4599053053692073,0
-3.7551786235996003,-0.2586418413675037,-3.1551827086430344,1
0.2698625667626669,-0.1837133127366027,0.7093809019687757,0
-0.8370684164482963,1.404430387379933,-4.789186645909498,1
0.18162813021376234,-0.24516863496677496,-0.38048440849327214,0
-0.10255448399462483,-0.3065138109110229,0.830868619443506,0
3.485862925545941,1.2279020414386248,-3.2714408025191064,1
0.42470954075325196,-0.07097282445234579,-0.12542470974712752,0
4.299974266099566,-1.111333244071159,-2.4733043998488533,1
0.25009238393911715,0.20825048030716656,-0.0920212050037887,0
0.0511024371402427,0.55678259062196,-0.23868822715056787,0
4.736295590795713,-1.0934712824261985,1.127981502878029,1
0.6189394409061477,0.20361777531255323,-0.44807140391315053,0
-1.0028641218380234,0.46125737769035563,0.17357565255228719,0
0.15688047334286287,0.10302197660482665,-0.7653497844128738,0
1.9715611549629133,-4.061464578863215,-2.306890965854983,1
3.068633727390183,-3.0895915060819483,-2.602870885994802,1
-0.3291118511296151,-0.11020787685468876,0.16737761466095757,0
1.7906554064709506,-4.111977245787969,-2.0856369693531565,1
0.24488089938908525,0.3549419272847531,-0.6970171981387008,0
-0.27943877399184985,0.04911309840900908,-0.3458015753763651,0
-1.140390708104819,-4.694189730307128,0.46014352214002263,1
-3.2271514889857382,0.4337031627737404,-3.983218449493202,1
0.4076564848571994,-0.029501344325037888,-0.08048489641695794,0
-1.5791030718712253,1.2661974499213637,4.475745800331947,1
-0.3149980204993161,0.8349708584214312,-0.34343853355652915,0
0.07902799159582764,-0.25378382900601953,-0.5573745990081083,0
3.525088599158445,3.533809108093179,-0.7246765771488854,1
0.034937257503004915,-0.25010855768223283,-0.3792773982662741,0
1.0881533574059488,-3.640831269886327,-3.2177234453217936,1
-0.38119139057096435,-0.6003869382133855,0.2347735133692767,0
4.5331632775175965,2.3200931785954917,0.2482716978846764,1
1.6678959459381315,-2.9089476163345993,-3.6690226283050413,1
3.8446397225566353,-3.0676172608368644,-1.1100073781836512,1
3.1271118786153953,0.1491740080663101,4.103936745081967,1
0.6720655076557571,0.10532301882838332,-0.22337392825141053,0
-1.9933513880748992,-3.202701311168222,-3.0705693023673106,1
3.283663557670367,-2.4269812692926287,-2.8304418404450846,1
2.5895809487496804,2.929298682080234,2.892009026545437,1
-4.781249510528102,0.15352825964077912,-1.9756112622352218,1
0.08480827378847865,-0.6147959826892202,0.7460604974290713,0
-0.5381664920075213,-0.5217709376575128,0.24618480953344188,0
0.16749084305662015,1.5275599520102334,-0.05212732177875346,0
3.807272829849203,-3.3153512515496684,-0.2584129297314565,1
3.256212184942465,-3.6234498934152977,-0.7409078481901137,1
3.077902039533727,-3.5645258593680036,0.7794433518480826,1
4.332350989632672,2.187477420908317,1.368218543645374,1
1.5033495258212697,0.28978979522361303,-4.724563053133026,1
0.46296143994249106,-0.20769715300891842,0.17737830681328287,0
0.8026652231123517,4.820533736920571,0.1604536040937216,1
-1.2343386531655756,-3.7177399905005792,-3.125763906361223,1
0.23236788329556418,-0.3762040149687579,-0.2743104657707552,0
0.3108483204682258,-0.028355551981788046,-0.6458094447322194,0
2.6839781058710597,0.7345614279775321,4.240299835130266,1
0.3730821455948548,-0.1413863879940451,0.04769716010632067,0
-0.08999307981620286,0.17891058265248197,-0.12348819731993572,0
-0.40723935763922287,4.910340163330463,0.5073262824332269,1
0.2891339217665604,0.34182415423214396,-0.26211186054823343,0
-0.44729046100981634,-0.17203465418281128,0.5421894325179399,0
1.8302372644469824,2.9563020910275792,3.5613458244604566,1
-0.5857867388061444,-0.278330491202166,0.06413978078060777,0
4.2317412221056845,-2.796580040650792,0.2500570838773917,1
-1.2779238476664436,4.333883400111619,-2.346696157704146,1
-2.982504100183558,1.5745523026566284,3.742302003397964,1
-0.14533672663989958,0.3162025112397399,-0.07690840383761795,0
4.195832294576789,-1.5001711818844221,2.5892213440289846,1
-0.05944614931144285,-0.499191509040657,0.4066081069274052,0
-0.04041015400020864,0.07988645600482497,-0.08745123404840549,0
-1.0504177688837453,-0.07549126361191337,-0.18168907925062194,0
2.52112511350154,-0.33669145628711694,4.412496503058664,1
0.494052115996971,-3.7460114267320117,-3.349527295327947,1
0.01840106848264529,0.1501351456371867,0.1724220776581501,0
-0.4559473308972556,0.41810625078819846,0.5938852901140864,0
-3.732834975440922,-0.3149474214794752,3.2503637211629184,1
0.3150500109527187,-0.4616046350439244,-0.6141922377061393,0
-0.3283372806720922,-1.2404807776851663,-0.23095436897363597,0
-0.18510842841024827,-3.0552850901448947,3.779474063737369,1
0.5501054342620604,0.028503531487043314,0.06116764671593141,0
-1.4347498009898374,-4.722644354431963,-1.0948870262436297,1
0.15336587685050404,0.33736821451618976,0.6652756928255048,0
1.2036318526454328,0.20484615023299352,4.71608642298384,1
1.0281403530851247,0.7137291369556296,-4.8362629426415635,1
0.6846604396960637,0.26841213373135936,-0.31747175144423223,0
-4.539989213869417,0.051049373976489565,2.0040441901466903,1
0.4509364959129965,-1.5640258542951255,-4.738263404502156,1
-0.42649833802813,0.4976396784332649,0.5677732549120031,0
4.25622626758647,2.207094050424556,1.655965835172728,1
-2.7367307465053843,-3.206770930317545,-2.675787299667036,1
-2.075223434530725,-3.8904761125241767,-1.946373861079713,1
-0.03966892184393321,0.10923507103533142,0.364183057597149,0
0.219239787207962,0.03376910089027051,0.009936348914558685,0
0.002638365288020605,0.1903260918886999,0.4836178608428854,0
3.3409356625852955,2.9689809234703537,2.4520912763000706,1
-3.4405101865033885,-1.1843902505254518,3.3408047451035947,1
0.06137034252960818,-0.0826745566481594,0.5112268775577985,0
-0.3478803723735131,0.2592546433686047,0.10587350745751904,0
0.06630431445147093,-0.2348123238250444,0.011216862144013656,0
0.3094744599527669,1.0149983974353696,-4.9322947545732365,1
2.701240776334894,1.9381216085931325,-3.806665928611207,1
0.7248704652970336,-0.1692757570977868,-0.08514277440323725,0
-2.7501333440665916,-1.9054861700385164,3.5420802725433846,1
-0.5387765753948848,-0.18410955681478702,-0.15624344820140726,0
-2.4531527680822967,-3.612789078386941,-2.4765327801825023,1
3.234869379545808,3.633606213773164,-0.9872987249922562,1
-2.587705789954997,4.1165329559138675,-1.0097616641859177,1
-4.022563060635914,-2.4390598643952512,1.4854909089166193,1
1.5684688772587285,4.678068558046738,0.06436586202507588,1
-0.5216106445647057,-0.3069365322158948,-0.4667854702819937,0
-1.255617289382176,2.2473198846688645,-4.16946394215857,1
-1.7411990440254634,-0.720301090352004,-4.610095880022442,1
1.6245256635191005,2.499718414482217,-4.001685503703726,1
-0.014562474475004503,-0.36884268768670164,-0.1754315744766535,0
-0.31812553388660947,0.42761625448252377,-0.5955713879996538,0
0.06382114415430247,-0.6550951918644259,0.11819252763385658,0
-0.35748471548839716,0.47394579735099546,-0.45860419992369006,0
0.6980472388302377,-0.6835349312339393,0.30158945454863184,0
0.10838171572315818,0.4604235625432286,-0.5319801987623062,0
-1.7801403411469032,4.459715571358279,-1.0381002012552998,1
0.6184369103049294,4.975689770482298,-0.28803924759650257,1
0.22328934321850513,-4.633758921867671,-2.102558573819683,1
-0.1879561823516716,0.5699596109523343,-0.007093217834651979,0
-1.8226568534315266,4.340035768267238,1.787112654817499,1
0.738065948581665,-0.7910009076926915,0.4727194022180772,0
0.1601118711384779,-0.8684653547251604,-0.3511952295393055,0
0.029326999479519965,4.599855516615115,1.6406860741106672,1
-1.573012914709364,4.664120447113255,-1.47488219104529,1
-0.6807637028344113,0.620030503104738,0.3026373124956839,0
-0.08724287767089177,-0.13900197998510222,-0.02010889083686319,0
1.8876197988632166,3.9670123042592524,2.562990200315245,1
-2.3663143233042034,-4.464052997057145,0.47234987585056315,1
-0.6312891291057003,-0.01702782617500754,-0.012968660068565514,0
-2.0405506758548597,-4.285350033537044,1.1737447049922873,1
0.4195302138815457,0.40743928971815957,-0.2550890557725824,0
2.976384034049543,-2.001108703867436,-3.628981157053418,1
-0.11561886398917057,0.5347520378176868,-0.4655288340714651,0
4.972107136612421,0.9899458143616674,-0.2717589002080269,1
-0.29158121928698455,0.39195616861814875,-0.30733263069776634,0
-0.2604904852441124,0.027736670913639596,-0.3385840715261264,0
-0.5069842000978572,-0.25215393963459065,0.19676065134341617,0
2.297968530700109,-4.474311720361735,1.2503352217554773,1
-0.5163301336085013,-0.7272356634313693,4.9393175049569145,1
-0.19847730962210264,-0.4146043713612901,-0.5580130631894815,0
-4.466542277149896,-0.470804236704824,-2.027883910998322,1
-0.9294500478432315,1.705556261071975,4.70383114241395,1
-1.1673477375028982,-3.981146989551368,-2.6196729416237496,1
2.652335924520322,0.31381757094099577,-4.214399507334302,1
0.19180994907181373,0.2232392840045478,0.06132491797934874,0
0.09609820208716778,-0.595598107600184,-0.12302266896075874,0
-2.2524222418754496,3.1481484399756026,-3.231214022480096,1
-2.0741579118922666,-3.7175395671630156,2.2359102824328323,1
0.6125198348659754,4.064848929042847,-2.805026672102901,1
-1.6384028882210004,0.7852224572261676,-4.530540164078379,1
-0.32470417313078087,-0.3314331987106326,-0.18284376867427282,0
0.10496389182555341,-0.8879730928788567,-0.30151125858113725,0
4.5692332988778075,2.45202754733025,-0.08821628319559258,1
0.38386770590557934,4.72418208196631,1.7648259546890894,1
-0.15277038466166035,-2.358941304068227,-4.506404982657985,1
0.6024521662630032,0.8622806985603739,-0.5413302937682314,0
0.3693837338067895,0.7774256066089155,0.7040569238174232,0
-0.21622838974791578,0.18021500067667784,-0.32065194619942405,0
0.24591603207112842,-0.5034969602492617,0.05298525895428639,0
0.37564197141703404,0.6153749542316381,0.0699796639012722,0
0.1327046684372993,-4.940794479235421,0.047595031525716834,1
-4.338558312184101,-0.6137416545837406,2.543027018364496,1
-4.805518834273986,0.8837094806135752,-1.6346414471611272,1
0.8770480234934425,0.4722724020394327,-0.15971731426808922,0
0.04459832009200669,0.44952329549525566,0.3187496010296467,0
0.15243739645827556,-0.346955728974144,0.3164611551655977,0
-1.176685596742151,4.7030899765250656,1.1705198861136603,1
-0.21038016527621592,0.49567632731360256,-0.8687611709032378,0
-0.8488657200740093,4.6428195021168905,2.0482312297567806,1
4.975051219749133,0.7696718685083301,-0.43391163440644587,1
0.12511116816329002,-0.07893197457809022,-0.13490928131902274,0
-0.4705959901335503,-0.15764735416839243,-1.2815912819988633,0
2.621118332441102,-4.263895604388489,-0.27901583218244785,1
-3.169700754683131,3.6367866394598476,-1.1973853300855526,1
-4.40363740914861,-2.250693912322587,1.2981875614227303,1
0.14399646206860914,0.24809904392127935,-0.16244630365854837,0
-0.28059284843540805,-0.2665474511221228,-0.0102862730101455,0
0.24541213835213105,0.43299346444250364,0.031348498851523195,0
3.381165556237192,-3.5769119563304805,-1.1577914462741792,1
0.3366266704183902,0.0607621168220915,-0.21985644167616542,0
2.2766703067651997,2.972407946479984,3.104913438133674,1
0.39813322265687234,-0.31084787559437754,-0.2385949177814987,0
0.3165286022004972,-3.189477694116877,3.8689084593053904,1
0.23961407117364286,0.3687286768494885,-0.08650164216519701,0
0.2206444837247679,0.7313656739982081,-0.26560546140609254,0
3.8679056468670203,-0.896521133309352,2.8061696143521364,1
-0.558407107803104,0.2444254394014145,0.47660706127013414,0
2.062594101109069,-2.2172771565414715,-4.050282676900637,1
-4.95441027227649,-0.8064439380749022,-1.430438002983513,1
0.003387963423806819,0.6908554262890771,0.5260249832066892,0
-4.209936433780859,2.841817448894787,0.568942100245046,1
1.9269788711536107,3.9169498353035985,2.049635228019332,1
0.6767449937953862,-0.1399485137461708,-0.5294639618447001,0
-0.7310576496032566,-0.06832805379442028,-0.32728558133474045,0
-4.332863942705545,1.6902158237666658,-2.4580354782572744,1
0.5252298430290865,4.576603444444935,-1.9460304072061032,1
-0.5975718528434577,-0.14388947561338342,-0.061590023454203925,0
3.652399724721755,0.6613922341512593,3.6994941031283863,1
-3.216120015566223,1.788983627267872,3.2723669667173136,1
-2.627239741670356,-4.190679227132655,0.16354306062974538,1
0.3083746801615091,-0.17953320151790975,0.14140121566194416,0
-3.3839373202356753,-2.5594313309128935,-2.884886801308353,1
0.16271187989960442,-0.35925115423270537,0.2260883613082789,0
0.20779586642941644,-0.7689090946345676,-4.911163939197253,1
-4.612331811364427,-1.9254250612134496,-0.18447441575667795,1
2.9236533341811626,4.083015930854615,-1.1689152186681147,1
-2.39562625692391,1.3697760744805993,3.8705086837708844,1
4.92520678974608,0.6282142212208051,-1.0953852472419778,1
-1.8328312976332695,-0.7421495240748721,4.629654491765083,1
-5.035135555802112,-0.06697427221380764,-0.40842733830867395,1
0.4757505769154448,-0.46610487705200193,0.34381226279529953,0
-1.1053502927119911,4.830320613867964,-1.1431005258179912,1
4.474063105590136,0.8445857371196431,-2.202756602250343,1
-1.6643580844663461,-4.664151405295584,-0.5474038962213174,1
1.155328010942251,0.28515956602134024,-0.7986213679122843,0
-0.07102302750806164,0.11924720337866777,-1.0703746936220948,0
-1.3913650739242776,0.9263066435422469,4.817982099764307,1
-0.0419225989344385,-0.16659677481337673,0.19255949993933882,0
0.4461028600260801,0.796159079046452,0.4497671154537122,0
-0.14491628707001203,0.5099505780972772,-0.02856709549599099,0
0.4054196898867355,-0.545206743641448,0.4848469514572799,0
0.26499711046939667,-0.16437562481256543,0.22927152490119587,0
3.87600096924546,1.4742391411654396,2.778677483565494,1
-0.09068683197516302,-0.13999612844599382,0.4253446000911947,0
-0.1882663940440796,-0.7945570939439519,0.890614144575554,0
0.13728126100184834,0.10132180052022628,0.5871109400911408,0
3.129950348878183,3.2540561727657726,-2.502873706832009,1
0.28594270214283307,0.04704772749747502,0.6367052586917046,0
-0.08935581100761476,0.5298670505941603,0.7354160863590976,0
3.2923426316240767,3.471592274179659,0.5114070410028044,1
-4.545228451045898,1.7226583859917883,1.4068340356568494,1
0.036348826221915,0.17095691487699205,-0.22127518806010055,0
-0.6006400993071511,-0.8228226703561524,0.07647785946095981,0
-0.26932713817941367,-3.5145157016484756,3.673246056992117,1
0.13525005173843765,-0.3638384359079682,-0.26340300050327997,0
-3.9636185009124962,-1.6052092357030803,-2.7106841846359724,1
3.0811304474297994,-2.055955016399042,3.4122729507811065,1
3.643087247616984,-2.873752540072948,1.8437575384896483,1
-0.07440478277708365,-0.06738180037216378,0.7166819231902647,0
0.9374258400605976,-0.2955347901701831,1.3847677044243776,0
0.36409200697179644,0.12067941835794645,0.04286097950607493,0
0.9349421383503915,3.831896222096609,2.908579105453174,1
0.08652343379057707,-0.38475789805572835,-0.7133201064279723,0
-0.29976100170132963,0.22512784754971574,-0.3945274339632156,0
-3.720210504593038,3.4936387749196283,0.5541175477067968,1
0.7899208435930316,0.5655031716554382,0.10363589115608973,0
0.5622925088638642,0.06037474351030385,0.1909725963869101,0
-0.05717269685992959,-0.22960197610011268,-0.1267214510991085,0
-0.12185047168230297,-0.4171055969201721,-0.5183234092678823,0
0.5120404239468612,0.30855603889305216,-0.2659839085677063,0
-0.38789654161390197,-3.546533267198975,3.480943065047179,1
0.06713616757150827,0.17419009335542016,-0.34991877785939285,0
0.022976284451732488,-0.33746510729199286,0.05761153985153073,0
0.8914273071537818,-0.3757446400595578,-0.4384036097433641,0
-0.20704614132771482,0.12789419016850206,-0.02029967611578997,0
0.09641027761531196,0.5651905276789229,-0.10077767547538548,0
0.17161107221881441,4.403092658087208,-1.8856769975064638,1
-2.8239424523174526,2.0756771653171224,3.8060485476194708,1
2.1790354732050283,-4.344592721388881,-1.061303502196317,1
-0.048608949779353275,0.005622450995290743,0.031203653838260903,0
-0.466284700609793,0.8428758458725151,0.09436344459856764,0
-1.9790022952638398,-2.6551186244363003,-3.7007479945145745,1
0.27755631057135505,-0.27074598932792654,0.7722295269019748,0
-0.372643785562111,0.8405959956774925,0.6022743383067448,0
0.39467928635025196,-0.582079281156011,0.3897623134376202,0
-0.1769559962918679,0.023720434990690452,0.1912367605091492,0
1.2371381335348834,4.235459002923453,2.481104546335703,1
1.4476478678451745,-4.569832585993193,-0.7079133913306995,1
-1.2386094136740855,-2.6316769011927788,-3.790389501629134,1
4.650642597555166,1.524649662590638,0.5231268950978152,1
-1.847756665888063,-2.390104981798423,3.780355776539462,1
-0.48517167869920225,3.757437725176813,-2.9420678612288884,1
0.816263894431056,0.8054066763437793,0.04492453798797746,0
0.7028287311681756,-0.32539892014183397,-0.024170952719829535,0
-3.4405137050387307,1.5356888673470723,-3.452316206780782,1
-1.2441520004595379,-2.4634516027410247,-4.218866915764035,1
0.2593214762235579,-0.03248319655903653,0.21222838488440995,0
-0.7933993104878806,-0.4575857744223353,-0.6270876820528676,0
0.03880405168650464,-0.4331587594165114,0.6071994690499336,0
2.0989960707353887,-4.401744795005155,-1.5035278158152297,1
-4.550451536212856,-1.8534995967401187,-1.1047375160409045,1
4.5644730227971175,-1.8010310579358724,-0.7959828237777814,1
0.20914652039039072,0.2944179496321683,-0.5076525676898095,0
0.3494343769130207,0.6841682752524544,-0.3794860968341395,0
0.41315610164493727,1.125747525242389,0.1702139751231325,0
1.456652484727147,-1.8297679700615823,4.48695341376897,1
-0.4338493435913088,0.4544543178856824,0.3965972928994772,0
-4.575408246141506,0.9256121230628889,1.5613407708190552,1
0.6977164667069982,0.08233341996519351,0.4456558015826365,0
-0.2004327450940343,0.11620268656069703,0.18180921684358958,0
-3.863607138036757,-3.1199527805987253,-0.717382727372178,1
-0.08156645518806592,-0.8037574194700357,0.589355995491447,0
0.6472264466714643,0.8433083987663793,0.4541305147608233,0
0.363073255419404,-3.5375810683996214,-3.6088099272549212,1
-1.8715713225757014,-3.1988765770339826,3.3428605728588416,1
2.591759513822918,3.020666746033321,-2.809387759096635,1
-0.724033614913041,-0.8554844215748839,0.7677760170744247,0
-1.014284737772627,0.23849522684704963,0.06801507475066278,0
1.6854312356567887,-4.333687216791754,1.9285819732284795,1
0.19806444019331873,0.036502622141000696,-0.16078003141219335,0
-0.12294927070614867,-0.6551231544661349,-0.20334650427196627,0
0.7327245972009461,-0.38234256144514184,0.5051267936816454,0
-4.336699016065027,-1.4499290157394409,-1.715393335620054,1
-4.868878233112684,-1.5956276292376936,0.39289255236052867,1
2.148313947428775,3.792455290607188,-2.6783532679667186,1
0.07975148418926302,-0.9207043968743742,-0.8173344342392225,0
-0.25539638388363906,0.35684971660784565,0.28595727994810055,0
0.26021639137968655,0.34590435704396644,0.15509184716797014,0
-0.07537959041321425,0.23618339223844664,-0.07947011220919648,0
-0.008386670773861774,0.22645035731803614,-0.35167958810822963,0
-0.014620108740950804,0.39331434576112173,-0.21194304376284992,0
0.07254919573896729,-3.04004209938699,-4.029647295004305,1
0.3440402283391446,-1.0544841187514016,0.6390581758699181,0
-2.6716548704044567,4.152699760423483,0.1320849849239237,1
-0.7057898060839268,0.28000643035111333,-0.6080624124929188,0
0.07750325149008724,-0.26337806606135916,0.6743345362050596,0
2.534420736734344,-3.849181879710399,1.937016178868423,1
-0.30122145350252844,-0.2888504734415482,0.12276022751564768,0
4.838905180406826,1.4551207343495864,0.9993449956411573,1
-0.3445427578192484,0.23601726839694048,0.8054220276763179,0
-0.5095141162507526,0.04253744586800363,0.5877096217638541,0
3.2776234595850138,2.8017674344467394,-2.6025594857488477,1
0.45269628787441607,-0.4242524549888417,-0.4786529338875352,0
0.30235583705854097,0.15960729115425162,-0.8763757622137867,0
-0.2771048930177395,0.33074300208019414,-0.9194802337467044,0
-0.5083081324776777,4.508720120030647,-1.918893804418749,1
0.06408798538602102,0.09557474673494389,0.08957874891965795,0
-3.4543758257708777,1.1394200158426995,-3.339388336189144,1
-0.22451139036258486,0.907606987197339,0.1277038543219574,0
0.5952037957469588,-0.852725935889912,0.2673117114846073,0
-3.2872208913887286,-1.1359309451803867,-3.6883728220486987,1
0.3132865788833972,0.2603264244833133,0.02972871556452852,0
1.6092097252449697,-3.242222848677589,3.5682514172123123,1
-0.36613789313226186,0.19778335040895928,0.7091402027678293,0
-0.046754583837532934,1.1074768902840018,-0.02447410386693591,0
-0.3927674933211857,-0.3511460331497645,0.28327652242916834,0
2.222219165224875,-3.351472660808266,-3.1495193243130237,1
3.7880279160474224,-3.0941258809042216,-0.27968045312145334,1
0.2962378264879136,0.6357527173518258,-0.07389328706940722,0
3.4848957777092715,2.829029661426165,2.037501847857529,1
0.23974277735719934,-0.046995804301198464,0.1900913562288408,0
-0.6139361078561472,-0.7636044529711448,4.920317632073303,1
0.269226053024713,-4.24717601074528,2.7451148009725657,1
-0.11885496692691243,0.03142156127728072,-0.3683214267203329,0
