X1,X2,Y
0.9427857214497838,2.5133566780882353,0
0.001826355891416653,-0.17190760499977303,1
-0.22559947382813822,-1.5726505615429949,1
0.5516669716449893,-0.279003033379824,1
0.7893464471931442,2.178840979692947,0
0.6975759901192178,-0.43533484482113494,0
0.7872382350304997,1.9607582392164065,0
1.2261552493393089,0.9326458927848007,0
-0.1779139465826313,0.668113421683895,1
0.740864466888028,0.5164362711775212,0
-1.030480450166701,0.6462427057150405,1
-0.4554050912543668,0.7056545870353251,1
1.813580171323687,0.09675174368870822,1
0.5414663696412971,0.9207443853225562,0
0.7491740480400813,1.0598990135992437,1
1.375445311670887,-1.8148722777431434,1
0.6870033706546319,0.6323673169192683,0
-1.7134394379643105,-0.14102266511302244,1
0.7181995130271641,0.27373859989173466,0
0.08712970192339368,0.11905032223362909,1
-0.29228291261987144,-0.6349973825890232,1
-0.8999131106081608,-0.09181650149401265,1
0.2226646687525109,0.3354421305038132,1
-1.0926786579823062,0.7954840824420695,1
0.8280104854866206,0.6976577341539597,1
2.155983978726178,0.8330872293938238,0
0.7048520662364076,1.5643689201499957,0
1.094526756058197,0.3604259042476111,0
-0.9206190351548597,0.17460636935363696,1
1.336341239780681,0.8581304303790728,0
0.46434086089902904,0.30870718775477546,1
0.6333526228249152,-2.2035098806466507,1
1.1391465986815688,0.37629288773250014,0
0.9472610126127814,0.08004542152101035,0
1.3118713670263558,1.8729191440502042,0
0.4432529003314234,0.7937140393278395,0
0.9453267596563119,1.543459285324004,0
0.6435786274632966,-1.5475157452899326,0
0.8978342991592051,-1.162069029694606,1
0.8155260119603446,-0.13954837368869244,0
0.4842398427706556,1.614345267136424,1
-0.7467818840498868,0.5828820972117233,1
-0.9094275615969974,0.3692293314057658,1
0.6301338425131954,-1.393763321302374,1
-1.6950770180267947,-0.7985161428769869,1
0.05948017520725368,1.1864843702657362,0
0.7997849113889519,0.31678130668345533,1
0.738409603732731,0.3543725277387253,1
-0.20121490244760423,-0.06823995780598015,1
-1.5290928749284465,2.0267790952431928,1
0.8618366412032601,2.647814874937013,0
1.6673849095455417,1.8602201684545383,0
1.1210989002502472,1.5539615706906846,0
0.9437396471763472,3.445167175415374,0
0.879868214756762,1.354517256642922,0
0.07559361074288512,-1.4267738509897323,1
0.48114631145523246,0.9676381579622588,0
1.705407981209409,0.17436081617365384,0
0.9034413262181635,0.7767194499200405,0
-0.34979921539188125,-0.8283156502165506,1
0.5764216720743963,1.873428619644433,0
-0.45772582566733916,0.2201951234700494,1
-0.586630882730846,0.7707802337475681,1
1.6233738922761063,2.208103431607339,0
0.19205435028986062,0.2659434481762174,1
0.6940053480385164,-0.05285322695402628,0
0.4667641186912498,1.116806816021229,0
1.6263954390388204,0.35457913861253687,0
1.0240660216136792,2.3266378390207905,0
0.8340072971544945,1.0016493361739756,0
0.9476143296978757,0.6255207733817739,1
0.314351508019426,-0.8535368023114268,1
0.2566399244131745,-0.2629774654467402,1
0.550532016267197,-0.4574969296706332,1
0.5860769567913948,0.44916607192900415,1
1.0215836594038457,3.125367694038127,0
0.515397323677071,0.6798106013047429,1
-0.5398639371765148,0.10652377706202956,1
1.0374420282128531,-0.12893635448983498,0
1.0376735878067187,1.3182166183317676,0
0.15817143300470893,1.5589791338045051,0
0.7081385942693886,1.332492102850126,0
1.268258347496192,3.087351733954716,0
0.2606297490669398,-0.025445316692543535,1
0.9932443960198333,-0.5747339233964615,0
-2.2932313583102384,0.2768199534242827,1
-1.1068829123791546,-0.37889182524765047,1
-1.0178596264768776,0.43596677973854364,1
1.2707671622921868,-0.7455461606143554,0
-0.5816408364095031,0.10927969747781388,1
-0.22066120781608659,-0.5295304591256691,1
0.7436520377992726,0.3722567222849694,0
0.5609170325076474,2.9178545022707647,0
-1.3420444532864415,0.9198072605649881,1
0.3633206791504235,1.5305348178813087,1
-0.30035356091877463,0.8972747801405839,1
-0.8672816781160412,1.5368184215190834,1
0.5031718922590753,0.7819693533756539,1
1.763474176421531,1.1398612938234505,0
-1.5485822202711759,-1.060057226030689,1
0.9481734097106325,0.728362663529315,0
1.4488673811198363,1.6345284188277793,0
0.5153942313193972,0.21542082774636084,0
0.19843936462172615,-0.017182570460341117,1
0.5871489942390529,2.5241161621350967,0
0.7440468144913222,0.9125350781781005,0
-0.06215772113332739,-0.5966139079163051,1
-0.15405705958282354,1.080532978717757,1
0.7965275038049838,-0.01668684602243009,0
0.790578934221489,-0.4318752041798992,0
0.049054613825311656,2.002392583645255,1
1.1424955026191843,0.7708635864927523,0
0.35867194917034445,1.3224574697668332,1
0.7970310874020778,0.2595596048963623,0
1.2176969566680573,1.5542717621567648,0
0.7728339482670773,-1.111234952164971,1
-0.32154745014292635,-2.9671837099839435,1
-1.2910285430172368,0.10186286879000153,1
0.8297296696159365,0.7497568410181983,0
0.8308458309626314,-0.6670705412107183,0
-0.9083487005220875,-0.3652591301096782,1
0.8738368990686808,1.6250778900797063,0
-0.6232744625373522,0.0413259793472436,1
1.4209820223119163,0.726093788947765,1
1.1930222645764317,0.2545486577252246,0
0.9546021902722712,1.5321765454357599,0
1.4296912013305003,1.0635557457740161,1
1.269627998502604,-0.13403247077011593,0
0.5703935109237379,1.5930508135014947,0
-0.4368683255972816,0.5198417309776412,1
1.8826444708776182,0.3120590924032973,0
1.512431131952448,1.277572888366075,0
0.21017711471066947,1.6600403363976448,0
0.8563091068956817,2.038721203255937,0
-0.5280346202841556,-0.7281854422482575,1
-0.32036252695140677,-1.9040879486160345,1
-0.5460071183317489,-0.4567900340328422,1
-0.6104866460656994,-0.1857739586715857,1
1.068509482138759,1.043262599181646,0
-0.6402624053903738,0.7323017147112972,1
1.63344509713676,1.8856578662811327,0
0.7702079011464869,0.5471517059586821,0
0.5158292357499967,-0.22118827023673274,1
0.189316955484931,3.006800446139478,0
1.6579429995163342,1.5981083131346876,1
1.799484542256736,-0.2897778309108172,0
0.7791441984648293,0.7018542953837095,0
0.7839754700613295,1.4934311452207607,1
0.13567361618103713,1.0571369958315302,0
-0.9393821511787948,0.5122731534487154,1
-2.2501411735745918,0.38636959756630584,1
1.308928999517311,1.0762359715084746,0
1.4740537630914972,0.830923981782647,0
0.05215079168224529,0.1636601623397074,1
-2.3926254913445897,1.1763373122369931,1
0.9120771897741023,1.633293700431289,0
2.1121145626510818,1.4380767738691322,0
0.8493460155938354,1.5411390095865136,0
0.6404226504432821,0.10490011715303971,1
-1.7071722930695223,0.1279844920146543,1
0.7755219832619112,1.574959717166319,0
1.0023982728439578,-0.1523386358242358,1
1.1590636401858716,0.23345282769924225,0
0.8995058679253458,-0.4812850960866757,0
-0.18888038569796042,-0.2543000124201234,1
1.4451317858137007,1.4620476352125795,0
1.816475940881144,-0.049800969059643194,1
0.20497859792723128,0.8214789160702182,1
0.40248369223214897,-0.21384027440339648,0
1.0473240300751216,1.310377520063666,0
1.3639093845017958,0.5463057654642988,1
0.8974350015972649,1.1043125974838122,1
-0.6077406304422468,-2.2954241955331667,1
-0.026156786522968385,1.5957024408984055,1
0.6500906086839997,-0.8179953635513812,0
0.6019455067790481,0.40226693425295346,0
-1.1300558500020657,0.2869555371009184,1
1.2034028358078068,-0.12382780642392177,1
1.9675725129178807,0.5082217730702498,0
1.760667296993123,0.19921798301385701,1
0.8274078729419865,-0.8261107818218721,1
-1.218129377322531,-0.9615559741469126,1
0.16100957671534466,-0.5855288241233366,1
1.3824907283622405,0.3317090882317242,0
0.3374244621253939,-1.0841797109141487,1
1.219868278366602,0.18306127447406917,0
0.3701351197628989,0.8599332787793318,0
-0.9564456538816968,0.19741365231431526,1
0.351896953502983,-1.5257897473006108,0
0.7752258325512015,0.14825418788866596,0
-1.0360736815895426,-1.5188882297503954,1
0.8730421526217066,-1.2803939447145731,1
1.25251459823612,0.3750424707148833,0
0.24727860342435792,2.8791848578653116,0
0.9527386867999624,1.057514974814756,0
0.8133851241006896,-0.2001526705001544,1
0.4407067447635609,0.34251539095341227,1
1.0010951762931761,1.7453427939728883,0
0.5230344149814556,0.19948247140798137,0
-0.47852741111072156,0.03150757764886403,1
0.9451932065760001,-0.7398868049493273,1
-0.9199936028121969,0.6750645184094394,1
0.47494635143268726,-0.8077517599656554,0
1.73296307213118,0.1514230817231868,1
-1.0851931628925275,0.17333041635848268,1
1.9255666584293065,-1.4105351572732683,1
-0.3137565089364269,-0.8755328557582861,1
-1.6901599429769263,-0.7281950274352488,1
1.230983705596743,0.3398211513436127,0
1.3195079071223343,-0.38662831068869297,0
-1.0882117291190974,-1.479137833771104,1
1.6688690598440163,0.2808443838638599,0
0.9090804102421112,-2.9950027798647287,1
1.56992485435369,2.3212871249585207,0
-0.5892256991552035,-2.5121277305114025,1
-2.516339715003551,-0.3131901055298775,1
0.927898137749904,-0.2564110186274946,0
2.3293756372990293,0.4892879048135934,0
1.3065481174144702,1.0573709111010163,0
-1.9350301322854147,0.45451614377504707,1
0.9929182110172383,1.7091919609415624,0
-0.009858938489975367,0.4412005947154901,1
0.8186936253354937,0.4670775146377094,0
-1.5655893713726405,0.05103394513032868,1
1.0316904685654928,0.6128943622402749,0
-0.7965918828262021,0.12935683165923514,1
-1.543222104760928,-1.576455929729469,1
-0.17726956801098367,-0.5221257514855702,1
1.6308772583090678,-0.4869443938784914,0
-1.1955846525037421,1.0256820527459456,1
1.1732604677620027,0.9650636459543896,0
1.2824812336831644,0.28245182528524887,1
1.0778337155057705,-0.9374534425425158,1
0.5273088854328494,0.430671141288838,0
0.7075708656371206,2.600645890178919,0
-0.08667642876642286,0.09327384069324166,1
2.1294624632199737,-0.960057115274076,0
0.7780573811679959,-0.44132115656795384,1
-0.22838809024354395,-0.14232728717871945,1
-0.17186734595143172,-0.9518157648768794,1
2.06404753009988,1.627708621535924,0
0.5351603856062035,0.2320611512264914,0
1.1222321192211047,0.07806855247378486,0
1.0459810738644797,0.37639592879811495,1
-0.7037352358069926,-1.2654214710460525,1
-0.3847740266090023,0.15842290716221127,1
1.091860834840603,-1.920733467141346,1
0.23462950367525942,-0.8299493395820846,1
-0.04926790495129596,-0.46954712275218685,1
-0.17866300936309754,1.021424079171613,1
-0.0636840289702414,-0.5424352498635134,1
-1.1133676524120841,-1.4012585088328537,1
-0.574998681265042,-0.21627650618113814,1
0.7361330027400828,-1.0088137361421898,0
1.3042880378798614,-0.1339880360206429,0
1.238173651683516,0.7868969071111107,0
1.3201237348993042,1.04358926318281,0
-0.9426428635455374,0.32608038078942664,1
1.384526797096584,-0.947731384064626,0
1.033804777402916,0.7599004816308133,0
-0.9392529879627134,1.1307411921308461,1
1.0012537049122139,1.7457116224752653,0
0.7596151492736765,-0.3616882372265676,1
-1.5771991506827037,0.3729515417619218,1
0.8923267130777718,-0.5133908324465025,1
1.739367877130134,-0.4959107284421519,1
0.6428498536942151,2.0501306289239327,0
0.5978422584313418,1.447512334536425,0
0.8918746542280132,0.7973075881554177,0
-0.9184748174227628,-0.28234512976124115,1
1.137059040781738,1.8038925576717753,0
0.3610866851108724,-1.0777160147683866,1
1.6771806056589638,-0.06510746170301052,0
0.9028507011135929,-1.2150537312839182,1
1.117867542909993,1.0596486994197818,0
1.3006839703204864,-0.3469213679779701,1
1.201390685497948,1.2837653438565864,0
0.8565185156845267,0.38999542593471803,0
0.8438731534443802,2.2987542469494877,0
1.7104520165245896,0.3081821779926003,1
0.5430244426092198,-0.6550681996704129,0
0.4928082123391144,1.5006888592557186,0
1.0434843725046365,1.7309340331778122,0
2.1973849412114768,1.1983392349553477,0
0.8965755003643204,2.203824123451556,1
-1.934959636609707,-0.23993667125803605,1
-0.28819485343046514,-0.093553934343399,1
-0.1076800633335738,-0.5709374997786347,1
1.0427266797725447,-0.8936984744832439,0
1.2208608878892655,1.4671493010937335,0
1.4748226520869099,-0.049755760296968106,1
0.8933836234441344,0.9079779107107238,1
-0.9325401918678239,-0.34735516264973815,1
0.20629249006022807,-1.7931720812254517,1
1.6101745809966208,-0.7147076270169497,0
-0.6242140872163027,1.2346022720031895,1
1.3268681723800704,0.9563132387153784,0
0.23915489861434713,0.8233791115277129,0
0.7416948209445599,2.779512025637973,0
0.5467541809693697,-0.1355849645250684,0
1.0021164224229213,-0.5420098578461869,0
-1.84038369746289,1.6389628180237394,1
1.1171526361951254,-0.129331527816269,0
0.4497770983764295,-3.197345391683628,1
-1.5112916021430087,-2.233578153381158,1
0.5647093282519051,1.1137487520243075,0
1.575967736663256,0.15395978984099978,0
-0.38169915196075527,0.27004773965400325,1
-0.824763693936503,-1.5783914031016368,1
0.2775403612334572,0.7629188335006009,1
1.7311424619714604,1.4640951986919595,1
1.7196726036983,2.6927059985819914,0
1.462842285184577,0.2781263018080308,1
-0.531941865291501,-0.6926096971858243,1
1.7212062721251373,1.2837067580792132,0
0.37998978184674126,0.1733699896200973,1
0.3904056328034139,-1.2739393889900783,1
-0.2791515054677641,0.2814711025906223,1
-1.3770696057185927,-0.012907222166126376,1
0.7885989986570378,1.124291272623545,0
1.2550617418032748,-0.16836971449216454,0
0.8424878560039792,-1.7655779246670567,0
1.0328433308077525,2.077727857887005,0
1.3444415895388906,0.725444813700237,0
1.4974528463672856,-0.674066531870293,0
0.5042809418192511,0.31071846629721633,0
0.7845270893203182,2.3562849937251804,0
0.22757962349564587,0.728374031602327,1
0.7573987685123571,0.07735672025375784,0
1.4767928760711624,2.033542733886524,0
0.5730659923355066,2.3835922292341163,1
-1.268559616590313,-1.533280477749828,1
1.7236973583907829,1.6778847166902309,0
0.0553649749135539,0.41211740512833367,1
-0.7960867750951038,-0.48721815642469163,1
1.1699612864344755,0.28586219084369224,0
-0.8642000120792834,0.054415869120395775,1
0.5372079037118209,1.7523313337326158,0
0.772195371112633,-0.8297978906213315,0
0.7492738790666627,-1.0645718442053753,1
-2.421833014859781,-1.1945084417055867,1
1.005509316242678,1.1917348796423033,0
0.48073257654829826,0.02466866797818701,0
1.1880496800036955,1.7311006078306432,0
0.16782596972241448,-0.4512001448560466,1
-0.46636040890761027,-0.8397613575199904,1
1.410635174214637,2.2273819181459222,0
-0.04098486469656254,-0.5555238735118273,1
-1.0240394415157577,0.6505089274690512,1
-0.2327903906718245,-1.3030487812371978,1
0.8164426467280235,0.9296117579637593,0
0.10057326144827572,-0.2689167679318696,0
0.31772024342736876,0.5450224817130815,1
0.9001901218738197,0.35868159883374917,0
0.3687282358790426,0.34866688586572525,0
1.5941569003382141,-1.0954720366375337,1
1.114068574756973,0.3366443279422986,1
-0.25731059154372726,0.6045729131451918,1
0.7254129487231894,1.653780747523891,0
-2.9360454460171126,0.1156618270926259,1
-0.08888755018672592,0.2257654302024127,1
-0.2072657954706782,-0.5810325725119153,1
0.4545029319108004,0.006413672017418159,0
-1.4200694881000024,0.03229538393163682,1
1.0163037275247748,1.4090959660420237,0
-1.0392388147791862,0.23566606953963426,1
0.1291499607706713,1.8662751217621971,0
0.8402008872528831,1.1368658507174827,0
0.2644556303293035,-0.3139228145364278,1
-0.2873877078086663,1.5744082788445868,1
0.4720525173462774,0.2679006607794906,0
0.45882324909073774,-1.042903138995506,1
1.1620783467799156,2.1040219821836876,0
1.0655877901906692,2.054016571869704,0
0.8133840963424713,0.8643584014758562,0
0.6693356983561061,0.4219694947780549,1
1.4703935224947604,0.21285238644641027,1
1.2295008614331246,-0.06416921633742403,1
-0.7648739652865205,0.8112544049416356,1
0.07965085409827433,2.0604685237108398,0
0.5626131057426025,1.2647491605972214,0
1.2929511646847092,0.47479931873797876,1
1.2507626760625774,1.214207713813948,0
1.3813479064912069,-1.2855152791991058,1
1.338339231340216,1.409551367465777,0
0.813384315606501,1.5932740598510438,0
2.366562402340485,-1.4021866514989232,1
-1.6004953758484026,0.5531409147046624,1
1.3302483199151705,-1.1865836841480757,0
-1.4896453943825119,1.3841651100058967,1
-0.3656461120005291,-1.3453069899370451,1
0.3787542251416788,-0.6169671181068717,1
0.9440450045333351,0.29369470193032987,0
2.3691638529901975,-0.028263162188416974,1
0.9587196302888026,1.522123498022665,0
0.14732436432418597,-0.8245678819804404,1
-0.0072113596587564995,-0.5611981104091591,1
0.9574239667720826,-1.2387743263168363,1
1.1832254730502596,0.06545690260714399,0
-0.535669373161111,0.36159505490948474,1
1.4527477886270446,1.6114093041245112,0
1.6230324765768092,2.121009730230849,0
0.7382747739216964,2.4593915696617623,0
-1.5269369663879415,0.3265981725839574,1
-0.03964614863770247,1.3841229941036504,1
-0.5968275940478756,-0.670438599903074,1
-1.0414807563325195,-0.6126363310909915,1
1.0830535001068178,-0.29919113426702376,1
1.0899026698201453,-0.8599267478891178,1
1.0313693043362946,0.09797819040154998,0
1.8974153190830234,0.09827719398049217,0
1.9731171276306305,-1.0742574680323012,0
1.0590308484220112,0.848021274857282,0
-1.0153067439861525,1.1191643604654822,1
0.7837221099074219,2.8644573765994945,0
0.853552196304277,1.4681774642987093,0
1.454960502753261,0.2716543211246034,0
1.0868307847683634,-0.050604063111342405,1
0.2818635109543874,0.1807779263636032,1
-0.3674025993780988,0.2187859889352313,1
-0.46533572482333047,-1.7477252284191138,1
-1.780639897263705,-0.7995834678077132,1
0.9993867818311095,0.25152801829840543,0
-0.5897537532013102,0.9342152890594956,1
-0.7821649424751884,-0.0947962535938427,1
0.37122741773625884,0.3827571602707609,1
-0.26864061378916043,1.7921674835677526,1
-0.014363758758586748,0.27883477737431556,1
0.9857577924237387,-0.01637513124059962,1
1.2416387778886444,0.5598524614638055,0
0.33668690624350883,-0.2704893919573284,1
0.6537144135146828,0.5422437485362924,0
0.4434464038920555,0.4535331826364807,0
-0.4724341564337806,0.2820737332213647,1
1.4022648267725224,1.1501656361496921,1
1.5065762606486783,0.009044776053213188,0
0.9137477584830029,0.8854010831741407,0
-1.0490912309999634,1.146626967509505,1
1.17806580160464,0.02301650422679513,0
0.06345534853055146,0.8469459456341524,0
0.17497709320369015,0.09221778578673422,1
-0.9671765424474777,0.39467542295282765,1
0.6333068798387187,2.8628616770764177,0
0.9217841724873477,-0.1275786741460947,0
1.792963714663199,0.5069903831715248,0
0.6934826182663475,0.7585907713430033,0
-0.11575904402998716,0.29480031794360034,1
-0.6974882614105615,0.6378552876565751,1
0.7129842534568605,0.7294394038535429,0
1.9498910228605393,0.6659814594536633,0
1.4251319371962587,0.7492055180619598,0
-0.5538114536548805,-1.291838504643794,1
0.5629825823255228,-0.017742236703293637,1
1.160787087100197,-0.6217403302891407,0
-1.4997987888681947,1.3575717869331891,1
-0.15922500991447772,0.5408455846858077,1
1.8355456180135101,0.17633085017087935,0
-1.2418084527811688,-0.2776536712672873,1
0.5613027726286165,0.18965833376959462,0
0.8982304800415213,-0.06066150480589694,0
-1.524148363645292,-0.5549830967166842,1
1.8507027799514817,-0.9601511192906311,1
0.3176914257448595,0.30744802953512257,1
0.9262380626769268,1.7424188269086631,0
0.7160038840456536,1.2550502325213577,0
1.3190149026939164,1.937843844024118,0
2.002532317439836,-0.5670414604907228,1
0.8705365581933042,1.5291396613208739,0
1.183868834377238,2.7922137973520376,0
0.5408713700945167,1.8167286805746938,0
-1.0482249591915083,0.3726742754149822,1
-0.9888810121630713,0.062380140162429085,1
-2.2665206299327094,-0.35789247427932736,1
0.45018292463776466,0.75975179358173,0
0.339793714559767,1.392140314142641,1
1.188327862596402,-0.3485720650141568,1
0.601959232063568,0.07226746149832086,1
-1.277680166386608,0.6304114907682319,1
0.3683348150661889,2.2723506872457877,0
2.1610795966179577,-1.0041310508106343,1
0.9382629326147371,0.6503975229965513,0
0.9079232373600585,0.040014300717472806,0
-0.005660169488668078,-0.3233204760570791,1
-0.08096507856710995,0.05749457907590979,1
1.0354423919314173,1.63273178847361,0
0.08222618878511484,0.30941891043639275,1
0.9409676972458201,1.7944362108978404,0
0.15590622911900587,-0.6917127645637496,1
1.1324147980677206,1.0753720365013404,0
0.9902300965794345,1.6332624160584217,1
1.0301551978238768,0.17681246373052467,1
0.22919797956924792,1.135754903021066,1
1.7153158744955939,-0.0546320291626752,1
0.47565293887443977,1.5570779556716277,1
1.574972945758181,-1.3157499599589535,0
1.2709848373524384,1.097996679696338,0
-0.03259407162425542,0.1720510724519307,1
0.5421720615341701,-0.7104444454756493,0
1.2716600443140569,1.4223420555159687,0
1.2864947568407659,0.27074044628959393,0
-1.0430010800715654,0.26841707970891465,1
1.2514934843296495,0.7227216494556108,0
0.2587009150608208,1.9960830314379312,0
1.0232404147483936,1.314104497110424,1
1.0342781212713295,0.31167330407300275,0
-0.9218844892991094,0.5157042481640784,1
-0.020449621302592903,-0.3177080180945167,1
-2.1726926140121936,-0.7762024879216735,1
0.4516854512950959,-0.3745680195679353,1
0.9822964704063896,0.8724297160790893,0
1.782091180844474,0.005759950215920906,0
0.5391412370549032,2.5941716285392955,0
0.7717863102538105,1.4040521866845825,0
1.6992344895789633,0.11015022811968278,0
-0.7652832419470891,1.2207681971892839,1
1.104857962675836,1.2509940712968075,0
1.0571004675732858,2.4945105995662624,0
0.6800798787004845,-1.7499090854288946,1
1.9266627091351407,1.879344377381986,1
-0.7434992493538084,-0.9217253762584194,1
0.9829476632499077,1.333990570728059,0
1.1037453562475334,1.8960293986512577,0
0.8060195271707506,-1.2258827052231547,1
-0.47221594277604334,-1.0048010070276965,1
-0.5665872435909065,-0.15357909625050895,1
-0.48676121079282914,0.09415415619704649,1
0.7798270656104315,2.080825932198887,0
-0.5983731712727243,0.7671185432439538,1
-1.9398769097788113,0.41050876324720337,1
1.5546072281209176,2.045544903580228,0
-0.07570152622082311,0.20211439504395987,1
0.7830532422225822,-0.4188743128529928,0
-0.4935152092007745,-0.8925658002780713,1
-0.34600888138250585,-0.35630415298259815,1
-0.539268340518856,-0.8951094234143367,1
0.3903462528189898,1.7867320840655172,0
-0.263788160540625,-0.46332413970987085,1
1.8253345696336651,0.17506883834718945,0
0.9453862220124207,-0.680333677376483,0
-1.184117966757189,-0.6617025720390349,1
0.05202897425988651,0.6836861907765345,1
0.3556714546693348,0.24785092153268506,0
-0.8911903670902938,0.803757579941689,1
0.5839233079734258,1.3496777787095764,0
0.59624122456537,1.547651862740167,0
0.32186521232083887,1.23275892823407,0
1.0968856478845386,0.09589672896882329,0
0.5409699634514118,0.8282644598468853,1
1.2410605739366605,2.106566730510936,0
0.4411835201237997,3.092040374967931,0
1.6023367549644587,3.178395380203564,0
0.8801522249614149,-0.10550369711910546,0
1.9070261909649173,0.35746712316898616,1
0.8518118042782132,1.0300771823580845,0
-0.6013813731533054,-0.2658008475467199,1
1.6701853208801332,1.205117407371263,0
0.6262811950603524,0.3692867756875739,1
1.1298405856095823,0.10373432458052989,0
0.7402679675256869,2.163943539612516,0
0.7299775726026814,1.5173160653654065,0
0.5047796297955989,1.4910819576415446,0
-1.0460250843496357,-0.6560050267337564,1
0.1351916918110402,-1.2412608023836462,1
-1.2526814308633278,1.4095237575528217,1
0.9521537347008596,-0.8580470590667832,1
-0.6832544940131859,0.7848009523262729,1
1.5338543849321291,2.0466017573833533,0
-0.7666172841087739,0.9236090362782893,1
0.5302316699428933,1.078014706904899,0
-0.005876026696904225,0.7677891353446865,1
0.9885565090890068,2.076990984227974,0
0.40266973278163704,-0.32551817297182867,1
-1.7429223285514202,0.6003256861085275,1
0.7753894082090426,1.4192548342109297,0
1.0483084542989989,2.483770493789426,0
-0.4840854911476985,0.08992843298078625,1
0.3994043419204216,1.39628122957944,0
0.8069755771235092,2.1207956387882363,0
1.2167225134191386,1.3538303680376655,0
1.0927267474165816,1.4436726657822871,0
1.6567285815858495,0.08982380447551819,0
0.9109042180290235,1.1027873815095364,0
0.18851919251246557,-0.6331940901922267,1
1.5413565800199684,-0.02745857655913775,0
-0.2887665059953775,0.08347535610700986,1
1.0352629926534336,1.4397053444540582,0
0.9795851287980926,-2.4030766967545714,1
0.8966889398837451,1.1662694998151408,0
0.8915636882453772,0.8624990857724992,0
1.1432336266295944,-1.88834889097665,1
0.9641449191446471,3.221269451841326,0
-1.4067199175642253,1.4397344147735909,1
0.7504701085005074,0.13464039198686295,0
-0.24335386403034456,-0.3168663548039241,1
0.7342475961853729,1.3673786263056709,1
0.521928192065777,-0.14880667866312836,1
0.8299271042495487,-1.4313942795106365,1
1.2286477584372086,1.845381962583357,1
-0.6922591838680748,-1.6979398304606041,1
-0.5442589828573099,-0.31630015636915454,1
0.3361401962975113,-0.039760071494656865,1
1.5681406046331947,1.4643603855607208,0
0.6839503228690225,1.6896240335278585,0
1.408139838639481,1.6921943754945254,0
1.7396339654385549,0.06523588767656609,1
0.906666541301177,3.3836315957076137,0
0.9050842635470925,0.8673085126506669,0
0.507558865172029,-0.9991131085398876,1
1.9144126812810616,0.5392984722018137,0
0.030096596824871313,2.1243166512598792,0
0.8051582435989806,1.978498162431907,0
1.20073406974951,0.1540466612326341,0
0.958272667802785,1.5161679139691104,0
0.3134693899022555,0.10274720770601986,0
-0.5048527510617483,-0.1508091869990102,1
0.9369564937003083,1.936741753637822,0
0.9050426809552442,0.5798411632417878,0
-1.0371676077490912,-0.9263938335666286,1
1.284551483719964,0.6228270566096179,0
0.7948910679832192,-0.48044593951821124,1
1.2037926208615355,2.373269958160507,0
1.0921098239963034,0.12522046307112056,0
-0.45104303874267804,-1.1556314350235173,1
-0.12557952506605788,-1.0957772310844156,1
1.6168087335593873,1.6271261618584099,0
0.5081778886458632,0.5910366844076768,1
1.474314467924165,0.8129831605502914,0
0.5913581024065782,0.7503500677404233,0
-1.2807932750613495,-1.8421091473039353,1
-0.523365546959906,-0.3727314992906954,1
-0.7131079667369583,-0.3449985240857874,1
0.8562177351413146,0.8591104411532283,0
-0.029421922615303468,0.41262735520499433,1
0.49732416677002844,-0.6597664935592873,0
1.6384715505797736,1.5044417860912749,0
1.531328945457958,0.9092754635404418,0
1.025362412698693,-0.22305821542909676,0
1.0390382884907274,0.1634434147756304,0
1.2560760545303722,-1.028613317683618,0
-0.7766086200556818,0.7574830584581226,1
1.277277753116763,0.7647389765041286,0
0.9019285955389827,0.6474615588858808,0
1.143032638128613,2.278884826101116,0
0.28432173969950547,0.14230004061115087,0
1.0660945353813558,1.9772894218302324,0
0.7710493264739775,-0.057976000069692585,1
0.29914565348662464,1.156408025005446,1
1.6349480428977357,1.1067772423311324,0
1.1449896945858369,-0.39738699652147114,0
0.9957400327041219,2.2841847413845695,0
1.445471834223317,-0.19774933938837824,0
0.6517481414391002,-0.5841397575729183,1
1.6732637836545936,1.5123002215009218,0
1.3786605459051193,1.0812377354477316,0
0.8493362145482303,0.6279487520820685,0
1.9449138647590383,1.5140710646446498,0
1.013794175336896,0.8981249008678495,0
1.4662658206702364,1.7745799450845614,0
1.4739130268769212,1.2150459298886171,0
1.2476060015971957,1.681456429974618,0
1.0732466738781006,1.2802894763637915,0
0.3940872958402979,0.36533742761293553,1
0.4659722157774817,0.1556284439676412,0
1.8723093465704244,1.9497699794368943,0
1.4676804776471912,0.2345417383814471,0
1.5885032679728093,0.3153586880551328,1
0.6028426927881737,-1.8524030630672448,1
1.0734552733286986,-1.0940803838257245,0
0.9573856068419316,-0.11383634938188146,1
1.1565006353406997,0.8801269260787015,0
-0.7740336765771412,-1.1330678478078213,1
-0.33006487490335196,0.9530067793143007,1
1.712401603222459,1.576381124950448,0
-0.7460781757727031,-0.8183019235473779,1
1.3517446999378013,-0.7321492123372021,1
-2.126498084584922,1.690018141983042,1
0.9247009414068934,2.0396783363797986,0
0.7809250849194925,0.9410260303695797,0
-1.0047872189929943,0.36746620574561295,1
-0.8180749585415559,-1.2505999792285922,1
-2.9280901725683814,-0.5310340011508854,1
0.6400238596699483,0.9592323544369271,0
0.8520715282890425,0.15432041576149166,1
-0.2980298067196495,-0.2855725668594085,1
1.2669260608918629,1.6731945530266346,0
-1.341219714076669,-1.401520214917428,1
0.12830106673996167,1.6902641642381793,0
0.818522718004068,0.6472027784471447,1
0.8200027057036074,0.7190009690459168,1
-0.06401811044731388,0.3236133274668825,1
-0.07734505972421603,-2.016660690233245,1
1.1359684341532743,1.7103036685297028,0
0.46941242880036893,0.27762820848482617,0
2.115803818255379,0.9212442806684082,0
1.297785956840585,0.46351741580390327,1
1.6372854136239439,2.6748602277743765,0
0.7257041589690337,-0.995526817691164,0
-0.7546057912599311,1.689107452443673,1
0.9915452428770324,0.7197048125309056,0
-0.7905448096678757,0.14187782824173303,1
0.5138455809474471,0.9977919239472226,0
-1.1568301070665343,-1.364879600732452,1
1.5546593574163683,0.6550530678716218,0
0.7135642142391335,0.6838541519834499,1
-1.2465519455451306,0.16245323534382217,1
0.42461994762717714,-0.6629122110501864,0
-1.1437400921015901,-1.7159459517583207,1
0.999361393171297,-0.016250129611531383,0
0.7964813200283908,1.0510386571765342,0
0.030887319354812974,-1.7622009972405384,1
1.1307111228131388,-0.8294226585963016,0
1.373579376897762,0.5335505312737927,1
0.8191948285220925,1.2702169494867286,0
0.17986910595420905,-0.7725614870648787,1
0.7605131054725042,0.5852847040864307,1
-2.02498981352117,-0.041008873283271526,1
1.7134908885015603,-0.6323390096507158,1
0.9259493260029941,0.250445628940693,0
0.29321371158095555,0.10634633295262737,1
0.6692672663671115,2.486882851272909,1
-1.4623519251551929,0.8497836136184508,1
1.3120152757599026,2.3242715339005433,0
0.7775727789499777,0.18120967742165658,1
1.2497252740649583,0.7506339707140546,1
-0.5461688154334842,0.3148209696175649,1
0.5620422427591736,-1.0175689885349133,0
1.0092399658196098,2.655754450237854,0
0.16786359594905276,0.6505353004935925,0
0.843465792805258,0.8270281863910866,0
0.33962000824864264,0.42377135285334727,1
1.0173325374101254,0.19411929216290302,0
0.7392030054554094,0.13250388400196234,0
1.1839019117100198,0.303826845027793,1
-0.12853466294403426,1.3664634705496859,1
0.6610508551222171,-0.3888175083058831,1
1.1347145493954474,2.1574271587400786,0
-0.07729256326094218,-0.03637038490501321,1
0.8532265739488141,1.0211431869227314,0
0.5393778569723074,2.469563305549162,0
0.08661926298854213,-1.487072869675398,1
0.3954983510290623,2.453145863117965,0
1.2703579326924284,1.8002652412823479,0
0.4732490416886741,1.3214964484658638,0
-0.5685494541476426,-1.0298044380114637,1
1.0816746042301388,0.9156451226406018,0
1.6004897022953064,1.3480651556550005,0
0.5450748972842208,2.6963789176068738,0
0.8958080029677746,1.5695394845445647,0
-0.9022755659889229,0.000888625001921776,1
1.7419249680498865,-0.9654454393989635,0
1.0199811308592983,0.41415718301864757,0
-1.870896396033325,0.6822976621161289,1
0.05334375570673462,1.100734095024795,1
0.7480832128709275,-0.6861685891568023,1
-1.074993979255739,0.4187058206918793,1
-1.9201783483529482,-0.7692867989311631,1
0.43526828737534473,0.5548313736148457,0
1.095223411615685,2.7534032650986413,0
0.8172651195650925,0.9794147214667472,0
-1.1651201441864287,-0.9082651093054563,1
0.8361242499790688,1.3747656521646743,0
1.2329446002097502,-0.9912614307154949,1
-0.05253554887614222,-1.8805388273679782,1
-0.06385858477376474,-0.015664803595005782,1
1.1556201044458785,0.31579207566144063,0
-1.5037779416127803,-0.09381435011968565,1
0.6272295935490152,0.331075558182494,0
0.5484868325965845,0.9176724874612288,1
0.7158198783906857,1.1623694848829649,0
0.8118215897399867,-0.20341133594471233,1
0.2231890013647071,0.22316192930400555,1
0.7497640110330568,1.0011776406568103,0
0.025448333085432605,0.4587073307315477,1
-0.6093910635812475,-0.5536205981505344,1
0.9034403330296308,-1.0474477765805246,1
-2.8192914384307715,0.13533111840241674,1
1.8574441213279524,-0.8207313942661076,1
0.7849185666275937,0.011526360927085921,0
1.755091585099097,-0.7007948826987104,1
1.6948867163423271,1.0441648009442412,0
-1.0658380219633747,-0.3461212751731734,1
-1.009618183538736,-0.20917557487171307,1
0.6720071416275368,-0.5319433559629919,1
1.3800733723512717,0.5572958959536698,0
1.4213325132396073,-0.5590836380416695,0
0.6699273932649612,0.13712992091995868,0
-1.5838732281625223,-0.24555110772965252,1
1.46306123644897,1.4783125142391769,0
0.9726359220986274,-0.1843740302898227,0
-0.414234225676356,-2.5071319369808713,1
0.32017238983984564,0.3532034098497815,0
0.28265132136603827,-1.8672125793902983,1
1.6801429555298988,1.0953032250052912,1
0.9804221369527018,-0.12134989151603093,0
1.1198514529083607,1.9404708478622346,0
-0.6077288948101016,2.0170879081873316,1
0.5181817409352328,0.8403471898212221,1
1.3052012674217102,1.7505003612849412,0
0.8314147726499177,1.720573906698157,0
0.6686246365934847,0.584562756836139,1
0.16333994554129863,-1.2926461227593415,1
1.822414900855461,-0.5058937870372742,0
0.7875882217058694,0.844078680578592,1
-1.6719471765190104,0.9809852752118499,1
1.1863904729245338,0.794683231839888,0
-1.2818532298156093,-1.6626028938631017,1
1.7569524033336918,0.6711757028458235,0
0.3006851142946058,-0.10607225344775092,1
1.4337737591943749,0.6105408765974984,0
-1.1541714262983167,1.4207998428900637,1
0.2940421429749802,-1.509772513035727,1
1.283097043562973,2.072882036288987,0
-0.18732924979043486,1.2844003071664725,0
-1.8359116973191236,1.2503956829878147,1
1.2810708269473623,1.1125205588474383,0
0.1994547444564062,3.518067863155976,0
0.6138812820393205,-0.35439962315536616,1
0.8794292496281813,0.2791727558339012,0
-0.1684098727535861,-1.2992598701307787,1
0.36456734382632344,-0.3945712584237112,1
0.8847631051522893,1.15174992047012,0
0.5090590847395515,-1.9174640434564942,1
-1.256138069727733,-1.1816829756864633,1
0.7911664898625881,0.46044685900738325,0
1.577655814182096,1.0595553698080158,0
-1.0540027955565343,-0.6643563093536256,1
0.90916044664447,2.79317504337925,0
0.7079555234674223,1.0204558856716575,1
1.6667497504903537,-0.08879493790855504,1
0.11141180514668009,1.9208964234569852,1
-0.26540746958022843,1.123921978800659,0
-0.40218236454447936,-1.3911473440982642,1
1.5339842649938489,1.3357254250897252,0
1.8266938116201166,0.28997400233853204,1
0.9300096323613546,1.5003618824343374,0
-0.48239538641784946,1.5224601960339834,1
-0.2609390873799359,1.7576834466350173,1
0.768171159870497,0.7217351926261317,0
0.7182719320405819,0.33769447805463393,0
1.0510631980883542,0.1270831524265268,0
0.5674430736864792,0.2816433149354566,1
0.46613010495760643,1.7740340465900362,0
-0.1642945926252907,-1.0743648582284346,1
1.6170458649877077,0.9648225649144835,0
0.2720321372020745,-0.7669395878687968,1
1.3478069773059966,-0.3641347603647214,1
1.294029807543824,0.5962937553977388,0
1.1146052916379516,0.0923856107955412,0
-1.9149163522882977,0.5004882032306607,1
1.7660359080864965,1.783586144673723,0
1.8286778728847224,-0.061103438168632174,0
-0.39370690875944603,-0.2526885812478079,1
-0.2831250656795347,1.643251614242697,1
1.316185430921346,1.72176625602707,0
1.2942056002682594,0.22130253056945237,0
0.12337843757618257,-0.6480162941896269,1
0.28019588946766594,0.939790797128275,0
-0.5821639535030836,1.119507008022189,1
0.6224940084221777,1.4042611097851398,0
-0.5300084132181584,-0.23615462985294203,1
-1.1597957072917302,-0.7406751455270828,1
0.7882072412490861,-1.0817519495061156,1
1.4524295349929828,1.311809436950603,0
1.0608355361965585,-0.44219921425266717,0
1.3477704412519687,0.10242990739745184,0
-1.473887948041959,1.028854347803183,1
-0.6615280218152191,0.9350499881140221,1
0.5630638401993238,1.2003181655540585,0
1.7740882755334237,-1.2396876198233842,0
-1.7406346901674916,0.8765996934014191,1
2.2706043923252355,0.5793148344766598,0
1.09847796665195,1.628572357504275,0
0.20136219256394736,-0.8882934081494894,1
-0.7410805036847287,-0.2374156967345463,1
0.7308161910123834,1.080634485173604,0
0.8801616706426072,2.909018012482874,0
1.2520839386648168,-0.9466076852692522,1
0.46867032459622227,0.71704376792885,1
0.9547764328048676,1.6431989961493545,0
-3.899421730054339,0.463330339207019,1
0.8592193794690077,1.1630253945880196,0
0.1877657788156426,-0.14721731753063794,0
-3.1063368012832915,-1.1422789566319196,1
1.5009822417538365,0.6488865231344144,0
0.8066624536092308,2.9666844060902964,0
-1.2106023968143265,-0.28879028375880467,1
0.5004878621549222,0.6851996266560159,0
0.7543857213684552,-0.395863785507999,1
1.0729356745268797,0.6151803436524776,0
0.7937187162096154,2.295427803682565,0
1.3186186163831937,0.39855037310069574,0
1.0952466167045747,-0.33083873864081675,1
1.1922444995731674,-1.2660955768237576,1
0.7570554252072689,0.2373821669326257,0
0.7220218575429241,0.8369102337732578,0
1.071160734878152,-0.4902178475939212,0
-0.746350099944262,-0.20384129632367373,1
1.0094085164625402,1.2910732144297534,0
2.116939198315876,-0.3047996645408318,1
0.8984132602761227,0.43601495013459557,0
-0.6784662158704471,0.4836547685821585,1
0.9303242328785246,-0.243735703236724,0
1.406820815167792,-0.24905589708424003,0
1.5583621769170082,2.1153177306963604,0
0.9426218402198768,0.7189405658150543,1
0.34397051471290857,-1.4256500491067416,1
1.2338945772957493,1.5543969116748406,0
1.2400181153090652,0.36151247402096365,1
1.4942145246376652,1.5821204229915966,0
1.0435774054980245,1.223523489114871,0
0.8219899252646468,-0.9862445163062207,1
0.6630643333001591,1.6222592870903558,1
-0.5867399161530961,-1.6264831326910547,1
-0.29040008007295537,0.14291364966681958,1
0.3384972333767331,1.6127457400306469,0
0.3733468626253329,-1.9362816917018002,1
1.2291520278371106,2.656275759911186,0
-1.297363846342752,-1.9381681078391828,1
1.5498095656014481,-1.2130250625402432,1
0.8731593947126376,1.4795592032309552,0
0.5397865662638672,2.1600960959262534,0
-0.7384139812679597,1.1343574079518282,1
-0.3091021864017631,0.4308376930089883,1
0.9307879958022176,-1.1530447886506225,1
-1.6051493968851136,0.7293494040178566,1
1.8706873012890437,1.5654944684935983,0
1.6005140460976897,2.069628138673523,0
1.2950003081205896,0.4080789447286711,0
1.7163465825320774,-0.14120391161133306,0
1.394029661470439,0.39763183898335575,0
-0.00037415191085327944,-2.132609330331054,1
1.574451637325765,0.45049700480663735,0
0.4284391029470781,1.1287480784987167,0
-0.2139079414751082,0.8152637210038772,1
0.5489804556861173,1.446993225400676,0
0.7751097919029669,1.9844398229225826,0
-1.4306716587383608,-0.3626263896115068,1
1.048882112400727,0.008781422965773035,1
0.7397169333609636,-0.5866304527666428,1
0.39746259072463846,-1.7431951941054324,1
-0.8043056452824273,-0.28998189606931385,1
1.5904329835051998,-0.5793093535596417,1
0.7888964066430257,-0.7968292919754492,0
1.991221626219758,1.3730899899656086,0
-0.3805832501275168,0.04609297177965803,1
-0.8917323261422714,1.172451227346323,1
-1.278184723779348,-1.1154591670196043,1
-0.07407088917588163,0.46835463422376244,1
0.5344498735721634,0.8144686606150432,1
-1.1857198050052338,-2.3982328653977714,1
0.07138843525796344,-1.161873305834576,1
0.5476318277445624,1.7487816382130157,0
0.07770359904156743,0.7103580349841959,0
2.2295984798227364,0.1122445053407973,1
1.2446831063506238,-2.011450075362948,0
1.2056635405646583,-0.11299824144061255,0
0.5324487148201564,2.2043778879770297,0
0.665674921876477,0.9488841090326482,0
1.4933592928336628,1.0499888467047036,0
1.0559113190859921,1.8016005617257886,0
-0.1205409342872928,-0.017247143727842716,1
-0.9065393256103157,0.8645262754121827,1
1.2607526376858336,2.268766910682261,0
1.1776393342656022,0.7542806035358336,0
0.9236467951836705,1.0517412204141345,0
0.8047169314794976,0.8527484705742913,1
0.4612282995155359,-0.6915465572157609,0
0.876851936459371,0.6115216850025591,0
0.7499293507486606,0.7871312208652546,0
-0.09067313510678131,-0.004996130276595701,1
1.203258954116498,0.6370732356261833,1
-1.0748026670851023,1.6305228573863613,1
0.41564356821189474,1.0062737504748693,0
-0.6902634133270706,-0.6412154938054386,1
-0.13504510003701392,-0.7695146401767057,1
0.3986214029904017,2.277322358964396,0
-0.4404682048702619,0.7698208513207979,1
-0.43846687509929955,-0.1485960064725456,1
0.14367020328433938,0.4812468270587883,1
-1.9442649759855442,-1.3077531969011476,1
-0.004500568210432654,2.0731250840550315,0
-0.35439340308271255,-1.6490629637801018,1
-1.070544409695766,-1.0026842990328195,1
0.7090364912479206,1.2924444050733892,0
0.8466411710805157,2.0638708077079664,0
0.4006350315821172,1.5815973769916347,0
0.8953959286314278,1.8220069067261764,0
-0.19010887568223522,1.5164277898120941,1
1.0807260760500983,1.2835066324204059,1
1.30387049239567,0.20153732818932468,0
-0.7970092393721301,-1.8657208634000604,1
1.2969153998005238,-0.345672529464465,1
-0.1027607995418483,1.0822192832103554,1
1.2460996672215712,0.537410963256487,0
-0.7522043761212451,1.1201461818426741,1
0.3010366187776351,1.8025770184830436,0
0.8791099966654359,0.22020120770994644,0
-0.9750001191003014,-0.6204291445949027,1
-2.506069837315632,-0.857926385962197,1
0.9468615879956256,-0.37920106201315124,1
1.1682312222497728,2.0125321776067526,0
-1.0430737022813366,2.472435678832565,1
-2.0319416337073934,0.22480287490434125,1
1.2546898457286297,0.07706234028585202,0
2.040761939896942,-0.8134195295344778,1
1.1436143816588633,0.5068377355993859,0
0.7990386746090711,1.8560488198380214,0
2.3916845354292984,-1.6861525369472856,1
0.21873262987857625,1.3702561728264784,1
1.3064721675485305,0.6788279493997809,0
-0.331140382769525,1.8139856138927497,1
0.4374098417666835,0.1613389412214632,0
1.2120405643005872,0.28671543363752705,0
1.7206947067420648,1.5866822794204654,1
0.5418093688433856,-0.15767206362112818,0
0.41941867736451566,1.5697123942905522,0
0.13573073406713437,2.310363486795888,1
1.3554034038406693,-0.81939206628149,0
1.064132734089819,1.4427839499450759,0
-1.4192520017477464,0.5450543963499954,1
0.36835915904694766,0.9877459840157494,1
-1.2590655321041202,1.5139237747390626,1
-0.7865714058807218,-0.47118191900406553,1
-0.7055279547210833,-1.1762570649202813,1
0.5026828498748657,0.989713033285805,1
0.4691671240672599,-1.0500416442335387,0
-0.554003346709953,0.5649234322237021,1
-0.23531484674423206,0.2164547268456756,1
1.0618876181746875,2.0582140138989584,1
1.3082868016544225,-0.997691447119375,0
1.1024174999845777,0.5082953008557842,0
0.5874637169933624,-0.9032628262035356,1
-0.23122593549221063,2.277500524853034,1
-0.24790845527908614,-1.4250901432432643,1
1.0685641574187916,-0.47650985895095554,1
-1.3889494374907536,-0.6985898307250517,1
1.1338877758565227,-0.04871874667005782,0
1.1531171943915595,1.008555204611197,0
0.48124581925008575,0.5487293377157805,1
-0.19199322011209138,-0.6658760797429369,1
1.0363717783345336,-0.4519345713218741,0
0.7213651683586999,0.1504549173783988,1
0.8868764962225395,0.655200025751213,0
0.3586080676493852,-0.340310127466209,1
-0.10321893428652158,0.03985841761466474,1
0.3016352331732358,0.42610476613456866,1
0.9034701816518086,0.09401229776087457,1
0.2407706189683052,1.8451586803539768,0
0.5956896600347563,-0.18880863550149796,0
-0.20452248839966083,-1.0428601409845046,1
1.0833300846313971,0.7738703898975343,0
1.7856308950164992,1.3254634179614682,0
-0.4283892633016004,1.3169715295415156,1
1.9677036005332216,0.03472092773859592,0
1.698302585131304,-1.0576004084556314,0
-1.343088650464953,-0.43051197019258486,1
1.9410359773417516,1.8874397746680267,0
2.074495852945831,0.07060349662656917,0
1.3654028258898534,1.5984597023301317,0
1.2227828487316574,1.6945195944129825,0
1.235701022705347,0.5005604991867578,0
0.7317788401264059,-1.4043285465488287,1
-0.8037318485206766,1.0801634125378852,1
0.36211291470656115,-0.3082781503978844,1
1.7374826061870858,-0.2591302209752806,0
0.14377218005623457,1.1877283270336183,1
0.8448887803757161,0.9933362044496503,1
-0.8676167643217026,3.0660367390488967,1
1.2043962915330844,1.5907007871260619,1
-0.8683891967525209,0.4253944258208237,1
0.22412818425875047,0.5191115287612347,0
1.6793029344351824,0.28617498470279823,0
-0.13185426838104947,0.6709753842534179,1
0.7500911196977396,0.9457010559986685,1
1.0876924525254896,2.55928819547938,0
1.4015136142086597,0.5129521336937211,0
-0.02056504387532332,-0.3634260488797557,1
0.4997365296964803,2.6176001555690274,0
0.5435758290351761,1.6344495178266767,0
1.1151233773647666,0.17602090575725726,1
-1.28241780993394,0.061255794842068084,1
1.5616652877034052,1.370951413273406,0
-0.19608397256936924,-0.35896064670446953,1
1.3031011970873823,0.5177986376634969,0
1.7129235244458956,-0.4631270485836869,0
-1.0741374853592944,1.3992440068954228,1
1.0722543242988893,0.5242076421180077,0
1.0619749917544286,0.8049189512503756,0
0.7361040035202484,1.4462812743097215,0
-0.4327858471825968,-0.735483292342275,1
1.2225645323408076,-1.3595888742132702,1
0.79778516091307,0.3956953887191721,0
0.43753775222697083,0.7981723075978052,1
-0.02811370599356217,0.005431808558425666,1
0.645004353324043,0.24994566806964913,0
0.7054149085445658,2.1693778929448717,0
0.6278558725502089,1.471422320964138,0
0.5544524226276056,2.02993553165037,0
2.2273860809131754,-0.05251938229307366,1
-0.5210003231072904,-0.5420091584474772,1
-1.6884952118834913,-0.43138603184179836,1
1.265543092596161,0.4771785779139319,1
-1.8829080367785338,-0.6799313816069117,1
0.6925736923932069,1.9065304232535176,0
1.2943861406347625,0.3258452598209558,0
0.3401233354908586,0.9828637309547684,0
0.14137172651378793,1.3063224444694512,0
1.4616289894434455,1.0748600227935365,0
0.763385870329697,-0.25099044522238967,0
-0.5517314171911221,0.5236229236448857,1
0.034727788359190326,-0.7443606009308561,1
0.5822058485731421,-1.7518005652801107,1
1.2288799968727673,2.6640926832121377,0
0.7452334972051312,-0.8007665488593981,1
0.8800848841112907,0.5201685334840465,0
0.20152679053101308,1.368569883824889,0
0.7102909260938124,-0.8757583283962643,1
1.00195514934653,-0.23943661985859999,0
0.0018517311427626063,-0.16571872790200548,1
1.8905978757652382,-1.1637225002510383,0
1.6779321153243565,1.1233399241836368,0
-1.0550925619827771,0.23922797173839117,1
1.4592021866474134,1.1138223268287821,0
0.31190714035095746,1.3907769678259363,0
1.1323721655463825,0.477115111459129,0
0.3279044585449533,-0.3895249808783172,0
0.7397827837933381,1.316462366448686,0
0.3228474296706296,1.6690029042706485,0
1.3458754237823045,0.7813114007004275,1
1.3621069753132358,1.5198559561360954,0
0.07680100343757663,-0.4298437372777596,1
-0.17585672570351582,-0.3720566878481917,1
1.2928930501938052,0.45367126425696813,1
0.09785250619817853,-0.3639584946563186,0
1.0222020702481613,3.6754459196867564,0
0.900281060247707,-0.22539679960284986,0
0.790052335011729,1.3253916956498109,1
1.1688325198987108,-0.5433941324826768,0
1.5416126481023913,-0.7416994119891838,0
0.7031311861029893,1.4804152325397881,0
0.76328644791757,1.77554956725639,0
1.1670031079635066,0.41312561246719365,1
-0.20773953753241156,-1.037943374056448,1
0.8725859017538036,1.119175150030886,0
1.3850646009193597,0.8999384505230947,0
-0.9378559883180094,0.8019126612557663,1
-0.5136253225408067,1.4234158750959633,1
0.7710738648430818,-0.20118612407575126,1
1.3497113843999955,0.7040703805775003,0
0.894122160901104,0.7434049458465632,0
-0.7761903063646081,-1.6093134194360432,1
1.2149516699339107,1.5274637344590745,0
1.8311292318337595,-0.36068729189295756,0
-0.07091043620613886,0.5272356224228922,1
0.7681136034231303,-0.2712779824717215,0
-0.605812847991671,-0.5731292157665655,1
1.2203979031885364,0.9632710162843527,0
0.5727148784273166,1.9735815888387525,0
1.043509712157662,0.5031304007773225,0
1.3862364083893646,-0.5390059758401229,0
1.0351879907581838,-0.7756413745956193,1
1.0905838076785634,1.6908938021130502,0
0.2019100019601099,-0.03883503855807973,1
1.6713882822419777,1.2674707027653644,0
0.4893975655577938,-0.49405886449312697,0
-0.21887349696292271,-0.4123870654095842,1
1.0310601652090412,-1.7383210989009736,1
-0.6094708441644298,-0.4835449713031524,1
0.6016369368131742,-0.43414006279234685,0
1.2784323508367175,-0.40118017249420324,0
0.8830047467797801,0.13383232797573563,0
0.1874251778886684,0.8756154955309015,1
-0.663535198304047,-0.6134178486140281,1
0.8415903574582125,1.8394363830344145,0
1.2565590084623794,2.2051804232145304,0
-0.06402894751868315,-0.18365991423533276,1
-1.0100642731329075,0.3313441778079705,1
1.0623454130266567,2.643576838867765,0
1.7160474553850156,0.8886463399382177,0
-1.4224723046506123,-0.19832188345023347,1
0.8460161166141956,-0.22334971073154378,1
0.4720875201025586,2.0837660722253464,0
0.5967286544679786,1.7446028315742144,0
-1.0829722045308743,0.8201832387747617,1
1.606863490035558,1.201704218842117,0
1.3541566956343918,1.1274777752958403,0
0.9591423437502753,0.5966818842416173,0
1.7431053705688093,0.6744520696902462,0
1.298727651513241,0.11008769260683382,0
0.26117430649614237,1.3176786834772038,0
0.6537249441620315,-0.05152318523520336,1
-0.4718131547409021,1.377950952722521,1
-0.18904657416632772,-0.10530658465079472,1
-0.5558157303687167,-2.0188116179205275,1
0.5414389777648702,1.1782672576203965,0
0.6491854708735043,2.1332802348064233,0
1.2953003485578645,2.9382469872542636,0
-0.6122696351098722,-1.2151923592287868,1
1.7053686106085277,-0.5125028978702022,0
1.1344464010824626,1.2737782144923444,0
0.6321828499749236,0.4433665129536699,0
0.6587348427546967,-0.5615577103391871,1
0.6025824098923391,1.6915553913344397,0
1.5051725999101553,1.738088481513921,0
1.3799347756357443,1.9117715745587862,0
1.0182784235979698,0.7898504554465383,0
-1.4248747250999314,1.8823382582267307,1
0.4944997307083231,1.4524749367267566,1
0.4681489094895136,0.5267557651664272,1
0.8443084416557756,1.0020902211528702,1
1.6180672208991127,0.8546550985590626,0
1.287298456677938,-0.707559964644277,0
-0.7058554945166199,0.42659545511016506,1
-0.9910957822281317,0.021703839059641333,1
1.1837315149252012,1.6004891077667645,0
1.0084981940699664,2.099494751985419,0
1.4093333533347328,1.3007372030123274,0
-0.19127666443013225,-0.019877011042093756,1
-0.14128697525919692,-1.2844034935218471,1
0.26196309010184793,0.7202996356088945,1
-0.3039363803392461,0.04093228158147673,1
0.7347693828519567,2.0236219296854028,0
0.6922604124141254,0.7040009102655087,0
0.7553505445253372,1.3936423602922043,0
0.9052746036418157,0.13252945485308149,1
-0.1659332030062026,0.4724074969585104,1
1.082612653015057,0.44271717006014544,0
1.13074712302645,0.12875540381586292,0
1.7332261852354471,1.4577905164048484,0
0.5294855660350913,1.519278441010666,1
-0.3516725661580284,-0.3029226234349036,1
-0.6643420911200446,-0.22997115548100328,1
1.1307391190649083,1.0614713266694298,0
0.8823029784558067,-0.9370152683961941,0
0.08246330883800362,1.5029254864018617,1
0.724958310565991,0.7999583065975575,0
0.1257302210933933,-0.1321048632913019,1
1.8261865575793266,1.4568132964368454,0
1.3878580612458973,0.49675177767176437,0
0.2808796596113367,-0.10410746556216266,1
1.2055210063862907,0.9118225227730283,0
0.2911254287778329,-0.24860540777381823,0
0.4760933752855564,1.0960411123691642,0
0.28459409263430535,0.9801210187253538,0
1.240850287634346,0.5636676240236143,0
0.9765270973526429,-0.35529123398699336,1
0.8061393585150219,-0.476376747401162,1
1.040639167414326,0.5686061919872354,0
-1.1371197204183754,-0.1558734337510055,1
0.4004789295435237,1.9008086149068335,0
0.38707490517254467,0.3417487352318012,1
0.21757135556003437,-0.6762320559749608,1
1.125827182430128,1.285452971268629,0
0.5294300925486624,3.5112777845677976,0
1.0404664472730414,2.594570348569478,0
0.43447364718304204,3.5591226548281623,0
1.8106082658496354,-0.034741921818713495,0
1.0287670796179835,0.15752244691354,0
-0.1016311295928566,-0.6854420107180271,1
-0.21354462808298652,0.6650660656292455,1
0.21655566362289025,-0.21603830345786162,1
-0.004454133120083229,0.6564749350763358,1
0.2690971392612661,-0.7889410286958334,1
1.1526554455684401,0.35781271122941727,0
0.4377455741492976,0.020301574554690283,0
2.022032698658659,1.6007325702451936,0
1.1625796886231055,1.2913217309307357,1
1.666391022000312,-1.37669350358787,0
0.56021158437667,-0.2807781049631952,0
1.3040000451301372,0.9470809631292422,1
-1.416489366414042,-0.8274022267661552,1
-1.985575460437312,-1.5459360942352005,1
-0.26800408561401673,-0.37190071970620736,1
-0.10444706906656219,-0.8022875453678814,1
1.4580436676443578,-1.1049019945184597,1
0.7530324608681288,2.0615231003799113,0
0.972333660735661,1.486700981467482,0
0.8607046582863154,0.7433964369574559,0
-1.1860696539864874,-1.0590606994601444,1
0.4963491698731486,0.42896306834627307,0
1.312161244463745,1.126204776336608,0
1.0764940536234553,1.2138962281038264,0
0.8442439176815353,-0.10160889077002393,1
0.2065777423650872,-0.45802153677377766,0
1.2690036155233504,2.1828708290940044,0
-0.044074722613553316,0.3565424987061171,1
0.5343060683394043,-0.8179132247570622,0
0.7121820820819915,1.1177883321155717,0
-0.6806517146139357,1.5795438221690692,1
1.0287706599728408,0.09918591760673945,0
1.2143604240735304,2.4513513380054217,0
-0.29985316059917977,1.1189440556172074,1
-1.4227417685154136,0.25845279091298756,1
0.5344530665795392,0.08532507218745246,1
0.8678379687876361,1.4857233609763587,0
0.16074305913174441,1.4008882862628078,1
0.2419430815388782,-1.6351093020806682,1
-0.5000084331847482,1.3604462024852575,1
1.3540603903654935,3.1466659442761005,0
2.1443688962944716,0.3904574699626834,0
0.8686396804521996,3.488480471759748,0
0.47460724668348964,-0.09591332970445857,1
1.066324553166257,-0.9216339244978112,1
1.1197928615076462,-0.2852247126883971,0
0.762084544352974,1.8478164192204933,0
1.0444769908779792,0.9650342584281338,0
0.5602157275894072,2.1112524465092424,0
0.7509231238055434,1.9653592453758062,0
0.1627738223612863,0.7066632523226642,1
-1.3552434888770633,0.8449497673368574,1
-0.9755828305996581,-0.02169085951373511,1
0.6996613105820452,1.229288168936804,0
1.0157765887572356,-0.5861342786661063,0
-1.2459109472530652,-0.7322673547034516,1
-1.3661578762408668,-0.3895534736381311,1
-2.9128401534924517,-0.3631618436276589,1
-1.547606081000442,-0.08707687567252177,1
-1.959881624692813,-0.7517256566679622,1
1.197277750704679,0.6393973765033008,0
0.6562705924235791,0.17987479984189614,1
1.2229460206141438,0.586266228180069,0
0.1597273046494182,2.0011425989104707,0
0.5205964182011031,-0.40873480052906086,1
1.4665093061431969,1.4480690587021592,0
-0.3494634711099121,-2.03126901304909,1
0.7256132267421426,1.3541624376964874,0
-0.1470455068463331,-0.63057798997102,1
1.3767253803593051,0.345278405319519,1
0.2613508456100389,-0.017916816054972758,1
0.46243907841066445,0.2944225097944573,0
0.2526192229828111,-0.5899759491773432,1
0.878289870468877,1.8744355789514269,0
-0.8523900581258608,-0.37731674369381457,1
0.5328759334338269,1.8142445360771995,0
0.4427802895086883,0.33518539203879905,0
0.7869495218322254,1.2938229431738053,0
-0.7361323713301251,0.631129089144547,1
0.31600186092888705,-0.18829525483560583,0
-0.27118551415148473,-1.5554379435822379,1
1.372011760177757,1.9026613873972709,0
0.642460244162228,-1.1363503170718179,0
-0.5439981304035021,-0.04405912149974852,1
0.08314439397770138,-0.3695052019039484,1
0.09802376850681849,2.922266744859857,0
2.4898121127481283,-0.0917264789213937,1
1.1780199069419988,1.6946908936141938,0
0.15331229812215103,0.4877851124623137,1
0.8109794991620802,-0.8771243206477359,0
0.6380132934792764,-0.0017222592974344142,0
1.7540109901954544,0.7401295365449749,0
1.4795587674763553,0.17848033466379098,0
-0.6005581851213412,-0.793107066809874,1
0.41835250088922316,-0.37602715054974273,1
0.33111601905536314,-1.2200063626559563,1
0.843732662303268,1.1648639811110282,1
1.3362902182251724,0.8103676176168283,0
0.9917980354551743,2.537844411073425,0
1.725851989401248,1.2421927915820001,0
1.1079723209150951,2.284050581535801,0
1.1977951306147423,-0.05974800787756873,0
0.7875408171027013,-0.0034498542228016903,1
-1.576550190516952,-0.689136464137171,1
0.9835838062891687,1.9834678581747585,0
0.6568973257233244,1.9264294977175775,0
0.15309829497090433,1.2526693587601336,0
0.5513013877185663,1.4908097389126829,0
-0.4610407436426228,-0.4248800212959662,1
0.5642355330687998,0.4778805532332031,0
1.2646566015006246,0.5120236435068728,0
0.26580883024114654,0.2051801474470013,1
0.14949504754220225,-0.025101041388611755,1
0.9258488097539822,0.4694425263240787,0
-0.7478351472109102,-0.5768958770453613,1
-0.0344445625977694,0.45894152496315244,0
1.2292220980378803,0.9032719491402648,0
0.9224818589190148,0.6564470815916772,0
1.798384420138548,-1.1073125456047812,1
0.8552698181919112,1.8911053538743685,0
-0.3400249821490265,-0.411008703763789,1
-0.30167632703614505,1.0366058772358528,1
0.7937212177921913,2.189283850995972,0
1.0444301726017036,0.9364178570751497,0
0.7549882152951902,-0.6257150229038166,0
-1.146209047872416,-0.18392954998757557,1
0.7429364558002796,1.057228519375039,0
1.290738347874119,-0.5207515146132604,0
1.5372603925260888,1.7324283906401678,0
0.8683185713740753,1.8469605111846839,0
0.15229398157573193,2.192701513895415,1
-1.3797546259079334,-0.6467092698202764,1
2.328150724588983,-0.6633261582929174,1
1.661728596147394,-1.4094526593736707,1
0.132032789938094,-0.564366855654809,1
1.1778861576857753,1.978912270672353,0
1.67098093124741,1.8376202832652309,0
0.5421621281871111,1.1613954944804248,0
0.7079114905557026,1.1971473288163827,0
0.764875097304843,1.1233824352217001,0
0.5893847661857725,-1.0317427538584325,1
1.2682555700510678,1.4033623831482278,0
0.9508056222091082,-0.1291761471296547,1
0.13820030314832132,1.50790948434714,1
0.6465263240499457,-1.164219118256684,1
1.2127098857927494,-0.7497554511123924,1
-0.257589484139596,-1.367172814105484,1
-1.89520748288077,0.19911560871651457,1
-0.3167853963271207,-0.6375453957718332,1
1.2399989041984514,1.1021006932373734,0
1.2910432982253268,0.17909426523898486,0
0.3757966549593471,0.1433220160415597,0
1.1754430796368542,1.8011514469317227,0
0.7612637605131622,-1.5768756104869754,1
0.7615157392601775,1.635955778306173,1
-0.958933707794222,0.5623976772929592,1
0.3479017619704715,-0.5567961751531812,1
0.9314697665210654,1.6171601110198583,0
1.203751746517066,-0.5884016698305081,1
1.381010053947951,3.4010283712141547,0
0.5487588588431971,0.02413470457869326,1
0.3550738828226099,-0.15788509607201345,1
0.8077538256349314,0.9741209654856795,0
0.3289351561536321,-0.1916368261270256,0
0.950854967085065,0.552859852053603,0
0.9695503510569389,2.224079178265377,0
-0.7688867493664763,-0.7813181154981489,1
1.2871091114523372,1.1750029926576935,0
0.2656134152217038,-0.6600164535755245,1
0.06756920600942723,-0.2912829113936885,1
-0.7871927421571577,0.5802844167243075,1
0.8728083566791788,0.5081262504563323,0
0.2186812373560253,1.8524997077635643,0
-0.0882707117695446,1.5422244089235955,1
1.7832662676083313,0.05653836212654606,0
1.2314530688897065,0.71334875466974,0
-0.676001725621899,0.5962442782050664,1
-2.5459046003660784,-0.34062493579600056,1
-0.5407734120955239,1.389971729008376,1
0.928930977534786,-0.9300138607785631,0
0.9213466505957641,2.4863565019736624,0
1.2921203698191024,2.1276657514403863,0
-0.47657904055841377,1.3889799748383085,1
-0.338205274478062,-0.8134123396910091,1
1.182790122678783,0.9760497927838799,1
0.7009048327876449,1.72533706288828,0
0.5811658124128057,1.294558819441117,1
-1.163275211153044,-0.022567563312705183,1
0.6320071005301637,3.0885036098730425,0
1.8893174375502042,0.2752171973222455,1
0.5824098823089675,0.3624211642959292,1
0.18166652228115243,2.1267088563844765,0
1.4066402156023314,-1.0893120439561774,0
1.0040472377569443,0.7496832688088955,0
0.7661429902333174,0.5215596685743031,0
0.45171536099505805,3.1418280128720326,0
0.2587803018804036,0.6544277338787394,0
0.4790571513511386,1.1025404971349766,0
1.1952037223192256,-0.06106675539124377,1
-0.6589940135992426,-0.22857727997130367,1
0.20781545397606396,-1.2236035778514136,1
0.5094993787704016,0.5202572451351557,0
0.669129099819247,1.4381398003239878,0
-2.3653039062769743,1.228683719203421,1
1.1562368039549173,-1.4898081193653723,1
0.5869553605920156,1.3799679163043477,1
-1.1559367394054465,-0.9990273318953995,1
0.7697954306236166,1.9995038210449867,1
1.1456991622180408,1.6432376166582425,0
0.6398520751723783,0.7543689046395509,1
1.6488704085737453,0.750192999544249,0
1.1377933065789483,0.5269138477132663,0
1.164418481762887,0.9943436296001927,0
1.247584857019788,0.5057460481466131,1
1.0715383406436483,0.3741618064648528,1
0.7872181901624247,-0.2547036001598959,0
1.6775198186040514,0.7875016669650767,0
-0.39500987549879313,-0.8794597147043167,1
0.33950947157970146,-1.2853813931526517,1
0.3203611893741035,-1.0725628041289215,1
0.44872718186504823,1.2619413765333714,0
1.403567642143068,-0.28132187051180124,0
0.778912465775194,1.3526765818233673,0
1.536297153305594,2.18615848349609,0
0.8980471692883386,-1.0444678698406098,0
-0.8307519568543374,2.3458080738406677,1
0.22669885643799229,1.1624211875584574,1
-0.7814240416773149,-1.3373972415282913,1
0.5613143692524838,2.1258302698124547,0
1.3089566454934374,-0.04654109740855339,0
0.11337753326713873,0.8134817110894521,0
-0.1596042892909457,-1.0299675696349995,1
0.5312512156361892,0.08905603873921995,1
1.3319413685305603,-1.249162651675905,1
0.2754534435448043,2.1714576009859075,0
1.0039615758421696,-0.6179070447076008,1
1.7751592107843002,-1.5084321712555864,1
1.0680774398324595,0.3320386078520851,1
2.255064332205275,1.1651185291801494,1
1.5834728788021222,1.3203609870818391,1
0.7536567520726921,-0.8348414883143904,0
0.6715485868182562,2.194751988091898,0
1.2777216199079553,1.7951578238200092,0
-3.114509202550763,0.7571779658478263,1
1.304508247206433,0.15127522184716322,1
1.197460280869121,2.216708641810671,0
1.8586659502450176,1.7222048117230964,0
0.36250249919104766,0.4439913996466691,1
0.5353096473418112,1.7478539000384907,1
0.8211673745326347,1.4321700425442263,0
0.9592286644734185,0.7671444472276057,0
0.8990420466809793,0.1960204587910882,0
0.45103295916915986,0.25621281566075865,1
-2.5890802948302896,1.0614835536592246,1
1.372107154419962,-0.21115640124109236,1
0.6520108635265922,-0.01853881330950251,1
-1.9016352983759945,-0.10891472790742324,1
1.458316393332841,-0.5972296272949795,0
-0.5678464805360192,2.5996614902670028,1
2.8494549607259407,2.2321759587975563,1
1.2745936460085387,0.7178081556304828,0
0.8768682060499898,1.2614125251620325,0
1.3789395012809849,0.9626683754358186,1
1.4551729564338332,1.2868211482781442,0
0.19619393790646167,0.5998226839935732,0
1.0023785724963306,0.5689474245441939,0
-0.5297267324304714,-2.0780681543322053,1
0.3202432047275546,-0.005091553877844317,1
0.7308696519285209,1.828874772397863,0
1.343968568962895,2.537675519769233,0
1.159088133663274,0.20605640852856422,0
1.4397699757258464,1.7700532474283643,0
-0.10591112305144375,2.741894012487202,1
1.6341577243409668,1.1012373440613819,0
2.0370154942455283,1.8716082453402967,0
0.4097724922475755,0.8514390899691651,0
1.2136252512043246,2.3777174976857975,0
1.4515072376961524,1.265695431480977,0
2.1082884113927522,-0.3488754600926644,1
1.0268193804723775,-1.2218791473272623,0
0.45566781505477594,-0.528704588534967,0
0.774093646403327,0.048739541705131506,0
1.7309934065837753,1.3896836676611497,0
0.6305598177870343,-0.5409257482040764,1
0.6626914284387253,0.3772406460405149,0
0.9329052274993123,0.2711284260993098,1
0.755881273117019,1.1376238566345531,0
1.256526381518096,0.749090310113411,0
1.0776812879364002,1.1171944418672133,0
-0.29776047979893233,-0.34497334609531666,1
1.5988857569966308,-0.4736572126566936,0
-0.8686774271970495,0.3640755760714875,1
-0.013914668524093734,1.0418397592128221,1
1.801634869866125,1.31510376473437,1
0.6817060324608843,2.0100505098849304,0
0.9544222763812404,0.544462374203177,1
-1.0118014554754755,-1.8972252908543603,1
0.10359794949464109,0.29642285776231825,1
0.5914586977653455,0.29853510358626534,0
1.3694768097422165,1.464891863335136,0
-0.6486006079033346,0.6780397271239971,1
0.6441905231896892,-0.2299324816033148,1
1.719561975968928,2.824578054930774,0
-0.7600587900644338,0.18371232308894828,1
0.8102121256021713,0.46826791382016963,0
0.5374540700887016,3.306982593787394,0
0.8622461846199109,0.11606067343101731,1
-0.37756350523280824,-1.0911461176191954,1
-0.6031961366575651,0.9528406823236886,1
1.0480802359433143,0.6888901887698826,0
0.5150902031013231,1.0002677243799956,0
0.19099248938301286,2.8745004813941315,1
-0.7795577532427447,1.2687315727053823,1
-0.37761638129222136,0.5073139355693843,1
1.3569445699118443,2.484177747647721,0
0.8545842348534083,-0.4889690638420449,1
0.428438521755212,2.7184840406988338,0
0.26819266234776906,1.134693960680162,0
1.254698833183921,2.4792489858004663,0
-1.0435918670800048,-0.8706263381514543,1
-1.276384146623089,-0.47283991003866904,1
1.235839169191789,-0.10881620072728282,0
1.1668773424903445,0.7717164431499496,0
0.38047585632736003,0.3705063953341897,0
-0.6558216104131183,-0.2414299669927129,1
0.11504651126307391,-1.1290851488393094,1
1.1667638564485199,1.5786142628133413,0
0.357380410658956,-1.2083186322821715,1
0.5056980111428112,0.08130694886485423,0
-1.2609602800655342,0.8328944493608352,1
0.5119076220208492,0.15659417915392052,1
1.1725121997085155,1.5243726217937454,0
1.0954297393451873,0.1161839774466571,0
1.3112654208840355,-0.08831802596201337,1
1.6870979236705455,-0.6664961822256021,1
0.832751389129212,0.07626757483423874,0
-0.5641896711721861,-1.0037490560859974,1
1.0695858521041317,1.6918278249961345,0
0.7377290649636312,0.3067753034739905,1
1.357914083957688,-0.15938289418449725,0
-1.2865744667376442,1.4223785052484463,1
-1.4726542242866636,-0.39615880055363,1
1.0945755275657798,0.9306254817465687,0
0.8094134225947982,0.20201912808914468,0
0.10549947766059664,-1.263835358595468,1
-1.3752024000527405,1.9984814702717295,1
0.8281850779465487,1.999105901574021,0
-0.700548823091534,1.3382795151279085,1
0.3748786414550336,1.7281333770033718,0
-0.88993957467117,-0.18801698454297686,1
1.3162554267363364,3.048895034141977,0
0.8531496502863107,0.3328854055492184,0
0.03630602236974604,-1.2521519434446158,1
0.9223978484792705,-0.3526571090709625,0
0.017680930798562144,0.141564072294196,0
0.35145507618731386,-0.47433298683443925,1
1.5020053532807114,0.625963253317676,0
0.99540665674244,1.5526530680538775,0
1.97665134753273,0.611159889048419,1
1.5271859259282876,1.3151868230686772,0
1.0744112374891797,-1.0035595719921404,1
1.429933900357135,1.1038855738011562,0
-0.07557283913840278,0.08365797896292382,1
0.6818941030932071,0.17554994126500043,1
0.7516935007081379,0.8418697764492041,0
0.9654672114954155,0.373438193602325,0
1.512581343424725,0.42968498162649393,0
1.4819542571776578,1.3433047189010368,0
0.804078958119873,-0.504199247777134,1
2.416912669832169,-0.8674214463025013,1
1.398571506957004,0.5201880665305498,0
0.28541265127939797,0.8957463498031883,0
0.3289696294602021,-0.258572545473924,1
0.8225474645095958,3.6582765991147186,0
-0.2583831027042033,-0.7741978238913314,1
0.23288263694520128,0.5269880126825652,1
-0.6651946734866135,0.3515100700930197,1
0.6800154755101223,-0.09759375167107351,1
0.8284724982005196,1.5171265219040282,0
0.9166547888245957,0.37094683509441023,1
1.858674129136191,-1.0544325732479414,1
0.9219406650386807,2.4510570240532057,0
1.8075108664716009,-0.22025153463779135,0
1.848807537290142,0.8398920612390157,0
0.659163981151023,1.9477394167368893,0
1.1148997621906016,0.4093119944364986,1
1.1402905300530533,-0.08572456475799872,0
0.6734404901818256,0.16524903859866213,1
1.0153269959744686,-0.14777180989980965,1
1.5742530663849454,2.4576845828164524,0
-1.1029534312854563,-0.5425943845171727,1
1.5117183839006723,-0.4753340140573231,1
-0.3820022921434805,2.552424025371081,1
0.32613645199293473,0.13355112937780175,1
-0.15869749083707735,-0.43608217996898674,1
0.9541812237292084,2.2665075317988945,0
-1.2826492440738984,-0.5856577998413593,1
1.7386021114249555,1.2688152738912304,1
-0.7041395622801669,-0.4530744436687142,1
1.1034216973110154,0.49958787864925824,0
1.4580206835369587,1.9602583164499647,1
0.8793626634331361,0.20610182317889736,0
1.8439627351148393,1.8140601879416793,0
1.2270409292003972,0.37721495282689266,1
-1.7199106806581999,1.2193545887326338,1
0.30628816389633184,-0.1522202183142367,0
0.008861327608517627,-0.19727995732612844,1
-1.4385226489904384,2.118803030729321,1
0.9293259499276398,-0.6768644678810902,1
-1.4659673863823872,-0.568227637941478,1
-0.6963782840445554,-1.3064363852955831,1
1.3015542080402314,0.3025407638978035,0
1.0758021668499527,1.1175809757299349,0
-0.3502383498230938,-1.216323411889306,1
0.9740473583799217,0.7681529784031764,1
0.8649327480176846,1.4117884010391812,0
1.3837794687234244,2.289609821372645,0
-0.5439577217873256,-0.13345155853725454,1
-0.09698840823535781,1.517868090276039,0
1.502442553637053,0.8598880024433433,0
0.6306743814631621,0.2727335063205273,0
0.4664702858134425,0.1264312994094885,0
0.1385674777991489,1.1603554639939395,0
1.189154412488462,-1.7035445876372979,1
0.10001495085892909,0.8104731763977573,0
1.868129529116072,1.0036940368155167,0
-0.6269631173779989,1.201204007476163,1
1.9859727649978245,2.901276579623442,0
-0.6909441281685968,-1.4468835125564838,1
0.23394533381447996,0.486833642037625,1
0.2838866296523059,1.2673712132137398,1
0.7513187611407651,0.3844477037401778,1
-2.0183767314742744,1.9564801798652187,1
0.7714958776872731,0.10697424803599831,0
0.8447840126467587,0.9794240672899034,0
0.8768067434329524,1.7005642507399013,0
0.9094278177692531,-0.013228281159256339,0
1.386935083599099,1.9427729236946996,0
0.41343495917363354,-0.3740266468770724,1
-0.3797615321611772,0.40461064826815746,1
0.6202181464437309,1.6365496357941103,0
0.6887952515250982,2.1302148065207214,0
1.167845661928375,0.4026829182441334,0
0.24344070793427944,1.5321309641034182,1
0.8696913262453613,0.48862002448055963,1
-0.1072691206682774,1.4499687804848278,1
-1.121122678939223,1.1508830312317526,1
1.6473390663560998,0.9174879834442943,1
-1.1173905214054018,0.6658729284349504,1
-0.5578363689123994,0.7301253248364348,1
1.1738571659560595,2.27747109256158,0
0.2840813932760513,-1.3336352855099138,1
-0.5025665920171958,-1.0380641623107913,1
0.6131231363365798,-0.20032970140956835,1
1.8972795163496021,1.2130089000439988,0
-0.8423566689824117,-1.8061326203829131,1
-0.23458712254500633,-0.18547829908481703,1
1.5250012174873109,-1.155983998307673,0
0.8517716395108417,1.8703145997698127,0
-0.15059799836040494,0.3469527857023623,1
0.6941719367070082,-0.7583697508984092,1
0.56731228161556,2.6917863492375993,0
1.2978717611819932,-0.9678198646920557,1
-1.1957531734875813,0.04705925490202444,1
1.366799419097124,1.863527621295712,0
0.4025449183508426,-0.021383518530686096,0
0.7026041822623494,1.2725581061760942,0
1.1048714922936604,2.743151541693736,0
0.6032809590509747,0.5628494203738629,1
-0.15055631782284468,0.14037072287334246,1
-0.022532177467557167,0.12421131930450507,1
0.1234024109925685,1.4932835413920167,1
0.932472862165549,1.0382553093978928,0
1.3957590298591942,1.499274509665375,0
0.8426633503072818,3.661205947199466,0
1.412845210047443,0.7627203183242959,0
0.655757111076016,3.1272121159409947,0
-0.6676872919350705,0.16324400572267767,1
-1.2739083901165977,-0.3164303777659374,1
0.42986369482223,0.6960427239628685,1
0.826581167373768,-0.010424208485496411,0
2.692757483064791,-0.43692896019573085,1
1.7197933543384396,1.5420585474967836,0
-1.1794309331731632,0.5099524214818214,1
-2.052782820682623,1.0444053593549885,1
0.5583399616951433,-3.772275156122734,1
1.3554380286698136,0.0022116025733781067,1
-0.6338601977945909,0.29637903840793156,1
0.3806924762430092,1.164447913936147,1
-0.33621322049705094,1.0465822533642106,1
-0.7979637561376178,1.1433716948773616,1
-1.5414686375761777,1.429639843271909,1
1.3362012627089588,2.4582453450951993,0
0.15083837053256666,0.8846283469346375,0
0.6923139089321741,0.8615239290498078,1
1.2264947326098559,1.1931899534125747,1
0.12202948736262742,0.7021082091557196,0
0.9205065081130677,1.197661620816487,1
-1.5561781889366058,0.18214950687834208,1
1.121443967827572,2.3019073272176467,0
0.6499291753758277,0.5467049235594037,0
-0.47258767675848407,0.5863372815313004,1
-0.48107908293719875,-0.412874463465237,1
1.3355454216308837,-0.5564888399932533,1
0.890946356471014,-1.1530098027388989,0
1.1722609712907162,0.989896177399133,0
0.16364142099511836,-0.546774122240504,0
-0.3870270149195225,-0.09971412915682,1
0.7898114515388498,-0.1752912422134645,1
-0.6999665423133247,-1.473143074665625,1
1.1456431987353675,1.2125646811598578,0
-1.226944412143775,-1.1536814606847743,1
0.3194142202523809,-0.35891330853862047,1
-0.34400754985883303,-2.013482844627813,1
-2.3789256878163596,0.4410646977675636,1
1.3309869065898488,1.3949480855157763,0
-1.2928417580666416,-0.7525727147667658,1
1.3460440582204,1.9805928810746876,0
1.690568645339397,0.6221252216057821,1
0.6131890778590062,-0.1521929584082903,1
0.9373584773295993,0.2187698616516345,1
1.5513355012152958,0.7266577434459622,0
-0.03446513461569266,-1.2062615546462505,1
-0.3199296129548269,0.6081170867893684,1
0.47918997142519837,1.8627878073942588,0
-1.3268318329262696,0.30389000748699874,1
0.7095589609189599,2.3835610452552984,0
0.5006262728043914,0.37464816925047506,0
0.26709196166534926,-1.1733269767074714,1
0.8005661672781478,0.01381892610837776,0
1.227408975746305,0.5640342703291716,0
-1.249775724586651,0.17553862856764266,1
0.892964204176658,1.4030020515388224,0
0.33651369270722176,0.9703539152533576,0
1.3737027120325602,0.40449573797661575,0
1.815435805502049,0.49303251620121813,0
0.178204753456251,2.18312868735204,1
1.3644226906234311,2.1299060617328665,1
0.755389874762316,1.0858355592410347,0
0.8989265997936535,1.4507147981947748,0
-0.10057718357575464,0.4722094960293684,1
0.6620408823082948,2.121616557669537,1
